dataset,method,n_participants,n_chunks,RPFI,RPFI_lo,RPFI_hi,BWMD,WCR,EDD,HR_MAE_bpm,RMSE
cohface,POS_recsign,40,795,15.992215854520515,14.06370143282617,17.844936214091103,0.7053200964054366,0.10500311099813953,0.7372406047830354,13.196608709273187,1.338893146673134
cohface,GREEN_flip,40,795,24.072108170806665,20.38168222386902,27.729073989082632,0.7137403689119333,0.24288630916716097,0.5500465043863513,11.031226503759402,1.2358104543696657
cohface,GREEN_recsign,40,795,24.993258234686543,21.711410587437644,28.24191281107459,0.7119463445364245,0.2492996545635333,0.5499142408507792,11.031226503759402,1.2296952596177406
cohface,LGI_flip,40,795,16.696722393435543,14.469994481582273,18.89205982586784,0.752734354483232,0.12445099459230029,0.5711136471987073,12.43811090225564,1.3284467497355976
cohface,LGI_recsign,40,795,18.728728687978844,16.93813886976633,20.549403713853284,0.7462400033104994,0.14363859353501687,0.5687965152584444,12.43811090225564,1.3129392158613924
cohface,PCA_flip,40,795,11.130159006407604,9.058664095234846,13.180706427350518,0.7662041834128546,0.06308734830116544,0.5799670530925818,13.962734962406017,1.3725731012150264
cohface,PCA_recsign,40,795,15.298534036273583,14.05427336118898,16.528399572072377,0.757119882202531,0.0937450796638716,0.5751162413069322,13.962734962406017,1.3483991259689396
cohface,SSR_flip,40,795,9.353524700285554,7.0981860959056515,11.972588171090106,0.7724081206341895,0.05163737999604623,0.6007145818868841,15.179425125313287,1.378881275612529
cohface,SSR_recsign,40,795,13.428318520264273,11.7112659672488,15.251329035988606,0.7720216748457384,0.08718802081309109,0.595228117674678,15.179425125313287,1.3529586017628612
pure,POS_recsign,10,378,29.53324245645477,23.383984888233392,35.38851618293224,0.644328579345621,0.42866820364052344,0.7887613087703532,8.277719350961538,1.0775043748492803
pure,GREEN_flip,10,378,25.91220175450427,17.42714149109988,34.24377791647595,0.7015269982618138,0.27394511677834915,0.5690727703173308,13.746378415991902,1.21402881598735
pure,GREEN_recsign,10,378,26.47262619874187,18.013012593840095,34.58339201198386,0.701290984720594,0.2868908525689738,0.5649347504522739,13.746378415991902,1.2044928341322778
pure,LGI_flip,10,378,33.39416304502637,26.105292510417293,40.89544076183875,0.6604411329755929,0.4086586019333417,0.5581207171094238,10.284318066801621,1.0945875198961799
pure,LGI_recsign,10,378,34.14201243997506,26.97398263017447,41.505980131686655,0.6592154533598886,0.42182445615170855,0.5526799746861837,10.284318066801621,1.083548869584728
pure,PCA_flip,10,378,35.04221877153916,26.71070503269661,44.15810174057307,0.6349265588649822,0.4157833279087648,0.5634054811534538,7.710866333502025,1.0812127261850977
pure,PCA_recsign,10,378,35.87695844515692,27.70641116948132,44.67644610599676,0.639907442548627,0.4478603672226649,0.5538051825240844,7.710866333502025,1.0539042971632382
pure,SSR_flip,10,378,29.899120944919794,23.794255850058153,35.56253385529175,0.70323317284204,0.4081806947226382,0.6246761271361878,10.544639185855264,1.0978296721230023
pure,SSR_recsign,10,378,30.460562916543335,24.460433301608187,36.07980061436114,0.7028662079969528,0.4183638992118806,0.6208289385330659,10.544639185855264,1.089048000158773
ubfc,POS_recsign,40,231,38.353339049989515,33.40735902754704,43.29996259978987,0.5004483546797169,0.5008514176882828,0.755865617183588,8.84765625,0.9932282879261493
ubfc,GREEN_flip,40,231,35.8284592695005,29.152186468278234,42.23021182042863,0.5699688121521497,0.403049957789122,0.566127481020319,18.9169921875,1.0856241961873632
ubfc,GREEN_recsign,40,231,35.83055717516854,29.157704569752127,42.23430273648133,0.569909858314631,0.4035943041704787,0.5675774275847338,18.9169921875,1.0855642286856573
ubfc,LGI_flip,40,231,40.367093108046376,33.92769031371298,46.94070720766958,0.5454292885446572,0.44284238644983526,0.5402203874195277,18.4482421875,1.0437635644030852
ubfc,LGI_recsign,40,231,40.36976565082979,33.93303539927981,46.94331293688341,0.5453703309777147,0.4438508056263462,0.5416811716977767,18.4482421875,1.0433426038669138
ubfc,PCA_flip,40,231,22.844345297456158,15.436793062172953,30.344985050193213,0.5877939699601116,0.06110449921236829,0.5865727604854635,17.642578125,1.33327467984718
ubfc,PCA_recsign,40,231,40.253005353597146,34.37694266659209,45.95189635425136,0.5345423994885199,0.4256019759841026,0.5105149169462638,17.642578125,1.0698784504470096
ubfc,SSR_flip,40,231,7.492955544694512,3.296514078238783,12.493831186409922,0.6904035140625032,-0.1415349426834438,0.6232854381829782,21.3515625,1.4910104748224573
ubfc,SSR_recsign,40,231,26.730333521529815,19.50330372778091,33.61873521275704,0.6435479723238309,0.2628893335347703,0.5368999428459805,21.3515625,1.202473390853494
cohface,POS,40,795,5.989601609936405,3.222750612531898,8.939974523409468,0.7124711044465848,0.006550762980422102,0.7547279882921043,13.196608709273187,1.4091451463561284
cohface,GREEN,40,795,0.5878713592608766,0.2138426728512685,1.2264550892322095,0.7329572722782214,-0.24288630916716097,0.6573588700871051,11.031226503759402,1.5641913797670957
cohface,LGI,40,795,0.5040957472706141,0.21166304412277406,1.0791495590127884,0.7520264576791303,-0.12445099459230029,0.6228594114672941,12.43811090225564,1.4917143814572842
cohface,PCA,40,795,1.8144365775494555,0.7675688112697372,2.9807953870557293,0.7544438014439027,-0.06308734830116544,0.6054319667107404,13.962734962406017,1.4531702315001978
cohface,SSR,40,795,2.342699590477042,1.0788930622595143,3.8046585047115,0.7832154808486129,-0.05163737999604623,0.6244799475186424,15.179425125313287,1.4470738152086668
pure,POS,10,378,29.347471148536425,23.317803282101686,35.23982722941058,0.6414322609720068,0.41783847155351134,0.7907648222265709,8.277719350961538,1.086702617024471
pure,GREEN,10,378,0.20378123818255672,0.149642205987427,0.24555973483792906,0.7332187933508987,-0.27394511677834915,0.6527809621438669,13.746378415991902,1.5842726592174885
pure,LGI,10,378,0.21576654453462937,0.1913847686394328,0.239988033004152,0.7222417613331829,-0.4086586019333417,0.6814872995857442,10.284318066801621,1.6668648712082657
pure,PCA,10,378,0.21975994939420618,0.19842761198789646,0.2414537857532858,0.7107146230731083,-0.4157833279087648,0.6922229192521401,7.710866333502025,1.671950000012112
pure,SSR,10,378,0.1940828469653681,0.16256417171935283,0.22118084444644495,0.7518289324946404,-0.4081806947226382,0.7246742727331219,10.544639185855264,1.6667042675860468
ubfc,POS,40,231,26.782766725360396,19.139433415933492,33.97183637832224,0.5325269305088272,0.17971082091786844,0.7862829907466472,8.84765625,1.2219065732269974
ubfc,GREEN,40,231,0.23996731767347854,0.21791510412442547,0.2588189365293524,0.6548908876909363,-0.403049957789122,0.6923144345447708,18.9169921875,1.6637899126153723
ubfc,LGI,40,231,0.2421802375723451,0.21730593565706882,0.26393507631162494,0.6316957855305816,-0.44284238644983526,0.7028806911010644,18.4482421875,1.6857302215472998
ubfc,PCA,40,231,17.87227788688846,11.180496728906501,25.56529014845591,0.5775967229772272,-0.06110449921236829,0.6157696006407773,17.642578125,1.4104563329213993
ubfc,SSR,40,231,19.609063186428223,12.062658079084688,26.490602631030743,0.6609939578676606,0.1415349426834438,0.5617390613309677,21.3515625,1.2918640527713903
