participant,n_recordings,n_chunks,BWMD,WCR,EDD,RPFI,HR_MAE_bpm,RMSE
ubfc_S01,1,6,0.7214998424590947,0.37388970931137955,0.5362860739490283,31.233602826621677,19.921875,1.121848972254158
ubfc_S03,1,6,0.7427230874310533,0.45804373899614714,0.5439098275507641,32.02902288658668,48.046875,1.066400199255221
ubfc_S04,1,6,0.5923134575730451,0.5027538370647474,0.5387224989170408,42.66740867547891,3.515625,1.0167532956414609
ubfc_S08,1,6,0.40427629799398107,0.4967161504873124,0.5060883037516716,51.61456248678752,7.03125,1.0185839980927995
ubfc_S09,1,6,0.5835288137322868,0.2165005444937695,0.6248719609658294,29.853207660103358,14.0625,1.2554856639077108
ubfc_S10,1,6,0.6606800813704038,0.5293186705254633,0.46638814435288745,41.087899284844326,23.4375,0.9785788729220075
ubfc_S11,1,6,0.31979569122932056,0.48699773081546743,0.6346006842766397,50.391104444204025,10.546875,1.0442948978443547
ubfc_S12,1,6,0.5551860448182118,0.3041271515224495,0.5073240214612647,37.48079833938561,26.953125,1.1883500184304485
ubfc_S13,1,5,0.24840909017961943,0.7347073259472057,0.5115995761600843,66.01681687683725,1.40625,0.7355790721139209
ubfc_S14,1,6,0.9589618410904049,0.20626928419037405,0.5970992988013605,0.24786343631955163,60.9375,1.2728780824234698
ubfc_S15,1,6,0.6436288187576327,0.528624058478647,0.4927313749596012,41.60164037994458,25.78125,0.9934846160675608
ubfc_S16,1,6,0.6412349924259058,0.2599915486807717,0.6955156522528875,28.159324965207073,10.546875,1.241655883944667
ubfc_S17,1,6,0.6637627411917139,0.48131618041017366,0.48494284641376123,39.110863877504734,21.09375,1.0557851403306941
ubfc_S20,1,4,0.7459622962601149,0.104577472257222,0.46616051213892323,18.999505292482365,14.0625,1.3393544868360585
ubfc_S22,1,4,0.6130333309027025,0.09734801037070545,0.5694940738825022,22.07734919979318,14.0625,1.3482142679529188
ubfc_S23,1,4,0.9295179948205872,-0.020168383530219183,0.43704278136065167,0.0027391691267809365,61.5234375,1.4226077119108744
ubfc_S24,1,6,0.6272457694933291,0.3274438326172834,0.5762667976472817,34.00735935390301,25.78125,1.1602764896987385
ubfc_S25,1,6,0.19611149683959186,0.6335184769933073,0.5876109314540395,61.614875927929624,0.0,0.85323249938457
ubfc_S26,1,6,0.5721051390403622,0.5412018734940691,0.45666935183642576,46.790706127545434,14.0625,0.9760050833332015
ubfc_S27,1,6,0.0855240769430235,0.8418181988704321,0.40411115826061733,79.36730815431685,0.0,0.560093834843865
ubfc_S30,1,6,0.3736594359345959,0.7027923333839904,0.3210261103853008,65.09682144403223,9.375,0.7847992548672285
ubfc_S31,1,6,0.08082377951162716,0.8814262177310296,0.48323698404501675,78.09003696059776,0.0,0.4949182874398242
ubfc_S32,1,6,0.24167026171658054,0.7285490590611747,0.529769287869475,65.43910858809593,8.203125,0.7679729787004187
ubfc_S33,1,6,0.5784192807477803,0.2924140348866937,0.7352430611315091,30.810603254937302,2.34375,1.1968130937485284
ubfc_S34,1,6,0.16934368075152903,0.7872941019039277,0.34891486292855817,75.98348486992764,5.859375,0.6694627124033851
ubfc_S35,1,6,0.45086527355109224,0.3200995260441598,0.6681329194109363,38.19842571425571,11.71875,1.1808412380695559
ubfc_S36,1,6,0.5663229445456477,0.44339489268495913,0.5871530497188693,40.804223684077655,11.71875,1.085336652532399
ubfc_S37,1,6,0.23979276684764075,0.5192918755633538,0.6299934454647222,54.34148054103128,7.03125,0.9944790837283194
ubfc_S38,1,6,0.8400148827413809,0.20105174008486892,0.5742276050178708,16.24434431384262,43.359375,1.2771652527537916
ubfc_S39,1,6,0.3013925486377725,0.7661746986077417,0.3772139721052466,69.04193307077047,3.515625,0.6977004130079252
ubfc_S40,1,6,0.49842377676431754,0.38958206516673083,0.5497630047233796,42.562389101873976,19.921875,1.1158764343470375
ubfc_S41,1,6,0.5613180611176527,0.4567347601675067,0.5785474563495383,41.70430953715372,19.921875,1.047705635108269
ubfc_S42,1,6,0.9692230970919526,0.28658649068664255,0.562027894648566,0.28630735555040626,50.390625,1.22018360936034
ubfc_S43,1,6,0.8656902803101268,0.27340971560113303,0.6511752110032374,14.207478050467003,31.640625,1.2101223280656026
ubfc_S44,1,6,0.449072317624762,0.6396676047563186,0.5696556344432303,52.92429060972408,0.0,0.8530279191712214
ubfc_S45,1,6,0.8446298976899339,0.04739048141684281,0.6934575313618734,8.455310233174162,28.125,1.3841241622443885
ubfc_S46,1,6,0.5269092219179867,0.2878320179728554,0.599565905525318,35.89948589211469,18.75,1.2155384659490394
ubfc_S47,1,4,0.4003536190402329,0.7238145129463696,0.4668407611680375,60.76753420193381,7.03125,0.7510382171892763
ubfc_S48,1,6,0.5256309665352775,0.562302904349999,0.4867662825349517,49.164275130572165,25.78125,0.9507350181864186
ubfc_S49,1,6,0.828114544156017,0.29889101298040294,0.5586686465522094,20.30792240279973,30.46875,1.2032387320617415
