dataset,model,N,BWMD,BWMD_lo,BWMD_hi,WCR,WCR_lo,WCR_hi,EDD,EDD_lo,EDD_hi,RPFI,RPFI_lo,RPFI_hi
cohface,bilstm,40,0.6802084030466892,0.6321360672629849,0.7310966314274939,0.13095840929475688,0.08551141446783687,0.1839952684825761,0.8832083781941993,0.8719794577431801,0.8930562786566589,13.010744725142747,9.870115597489962,16.167882713011817
cohface,bimamba,40,0.6957786649449221,0.6648650544008152,0.7260058992686739,0.1318894330625681,0.09337023986246107,0.17220679122027926,0.831066224110757,0.8196647362212516,0.8424903381442185,14.551527938721557,12.003661151607536,17.016364417357497
cohface,bimamba_blend,40,0.6928494380703889,0.6669775913510317,0.7206447138054136,0.12476357420524867,0.09087839271155244,0.15879629492973246,0.8367980038802425,0.8252387053492406,0.848549768788759,14.487657764523252,12.169883212342544,16.62625417036686
cohface,lstm,40,0.6685882236374663,0.6313154081546586,0.7079172093049297,0.13067609179165354,0.09374311835328522,0.1703312181798913,0.8429571232366628,0.8309965037355251,0.8548756776079875,15.275596528824877,12.458948356803946,18.00026380952007
cohface,mamba,40,0.6779217108916678,0.6467925613285155,0.7097752388961537,0.13963396430971847,0.0976426547637718,0.18303961413939918,0.8195153986464728,0.8087482695209447,0.8304180607401569,16.058744692903154,13.230376653742367,18.798103865991685
cohface,physdiff,40,0.7274660031219256,0.6974697464842899,0.7559283905718888,0.11391884553671254,0.08265019633006036,0.1457943719369669,0.8128045700085413,0.8013194038829847,0.8231596508213644,13.62654237788289,11.50793468707673,15.777503707388776
cohface,pos,40,0.7124711044680391,0.6826846556300522,0.74302626436358,0.006550762532189972,-0.02448438737440754,0.03934019785551521,0.7547279883631715,0.7413411843467628,0.7673474195937733,5.989601621644502,3.222750623478351,8.93997453537348
cohface,rnn,40,0.6811367122086528,0.6555064514611882,0.7069609152140348,0.13871724607260108,0.09752952701704716,0.18203492609796504,0.842776376726658,0.8304061342754899,0.8545963945235902,15.159398262475202,12.350465228372238,17.820228930822843
cohface,transformer,40,0.7093896144611646,0.6818302685396088,0.7377245897422019,0.12747293010666688,0.09281863590627557,0.16496714758508335,0.7874994608904207,0.7746574141648503,0.799402227272007,15.158305534449445,12.66979021969971,17.716445203552016
pure,bilstm,10,0.5833478105538579,0.45734978260542347,0.6998828087408476,0.621832626448334,0.5100856811679292,0.7060563611178068,0.7588568954259417,0.7334064406039417,0.7855134256941574,38.023353910445216,29.41939168725606,45.89491243104361
pure,bimamba,10,0.5812770816095923,0.46757451097382524,0.6858099087188277,0.5970984886849507,0.4829424254753861,0.6827109551316057,0.7545987915753956,0.7302651064404762,0.7799444155518909,38.12894720954681,30.31779191703508,45.478886826769156
pure,bimamba_blend,10,0.5645071185851052,0.4377384488867939,0.6830512993987659,0.6194874010493615,0.506185783915192,0.7048472876560531,0.7460132906217539,0.7230212396692495,0.7698890675931451,39.23644346785866,30.46186582850302,47.25503943733098
pure,lstm,10,0.6208440873478922,0.5344392155749884,0.7117013418375411,0.5883073283167618,0.48561274825784406,0.6682445386119901,0.7493230705028369,0.7248256657776757,0.7754411346307954,36.26115416525009,28.852081938387148,42.35104310619787
pure,mamba,10,0.5711445641090688,0.4427675572178472,0.6917758667736692,0.6139102655919333,0.5079997266132986,0.6945807391799319,0.7362253513510714,0.7108279742110106,0.7619913080921745,38.908593982323325,29.41825387395094,47.2739705293156
pure,physdiff,10,0.5832555668859104,0.48738832616281963,0.6626910250017827,0.5416801472179872,0.47146673968381025,0.6143774582834942,0.7294439774925469,0.7015428012960576,0.7588757054793679,38.04886927959204,32.75204121233985,44.13415426580463
pure,pos,10,0.641432261274603,0.5448644244714853,0.7312501634607205,0.4178384665340472,0.33767152069425593,0.5016863108098728,0.790764822345354,0.7513289308103827,0.8292298327828644,29.347470973875232,23.317802946001994,35.23982725003878
pure,rnn,10,0.5929761639011519,0.48119916361125464,0.6981514547572647,0.5980941899664209,0.4979462997215218,0.678415505505472,0.7424520427449001,0.7197186371739711,0.7666327620199462,37.94314724344232,30.125502613796613,45.08188834234999
pure,transformer,10,0.5717698828165009,0.4480139166299908,0.6849439372688512,0.5824133778773137,0.4818635971039013,0.6649346046170782,0.7379250283309403,0.7155631775617203,0.761731239283433,38.4148566112155,30.26357105578963,46.095217160724495
ubfc,bilstm,40,0.4106119963005284,0.3374183166378408,0.48150159167077383,0.5575313259767867,0.4636042734750568,0.6472884423260771,0.7239936058326607,0.6904094723954555,0.7570654928473939,44.624937798158975,37.79476030227236,51.445430547242466
ubfc,bimamba,40,0.37271718855924985,0.30791244672069507,0.4428057040304786,0.6493103227426961,0.5763925388499446,0.7191362375286089,0.6906789125026418,0.6617491163738924,0.7193292489754177,50.69521319203544,45.31267490725942,56.03195367321409
ubfc,bimamba_blend,40,0.40889507959881016,0.33941243735139254,0.47659309548922557,0.6242618713463981,0.552325440777036,0.6954662016037174,0.702011488773767,0.670633243355701,0.7316179459467071,48.16352936860615,42.73259369968321,53.79362228693449
ubfc,lstm,40,0.5351024263631322,0.4735075982226122,0.5961535577091107,0.530591117596929,0.43960191747657434,0.6161989926815639,0.7396732991554323,0.7111157669257692,0.7670978881207381,38.08536291261115,32.43172341468611,43.871018404942085
ubfc,mamba,40,0.5031091952532908,0.4394039765395593,0.5656408636619724,0.5715403489854903,0.49228189925461247,0.6495135495853336,0.7033176593951769,0.6774790071781125,0.7284083215235163,42.52219598660209,36.88417156709168,48.11059814304492
ubfc,physdiff,40,0.42823587892891235,0.37225049849955766,0.48706877405898913,0.5121755569225052,0.4355128137208017,0.5932667277361252,0.6804556274812379,0.6536411396031592,0.7054522374547224,44.44526450284518,38.70303796814414,50.03513745547345
ubfc,pos,40,0.5325269305015737,0.47114552154488387,0.5937615300294098,0.17971081773962078,0.019335374357883444,0.33418370559570687,0.7862829905188992,0.7565172603971672,0.8142356450271855,26.782766639192726,19.13943330534471,33.97183625816204
ubfc,rnn,40,0.49987792847301427,0.4346365706394966,0.5606237127840025,0.5068250793310477,0.4164753657701841,0.5932014203248257,0.7420345871330621,0.7140504598877394,0.7697235235530043,38.415981274010335,32.34123232953731,44.397447328261656
ubfc,transformer,40,0.4327023305561621,0.36365679334520534,0.5024921940775825,0.5434559055969719,0.4600689754252901,0.6241648426799795,0.6811639479584259,0.6532483285613432,0.7069159264080088,44.74657553680408,38.88304156037653,50.62310037516528
