dataset,metric,friedman_p,sig_pairs,pairs
cohface,RPFI,1.4786014111387603e-11,10,36
cohface,RMSE,3.0716857766729284e-13,9,36
cohface,CCC,3.0716857766729284e-13,9,36
cohface,Spearman,1.8572509754818155e-12,8,36
cohface,PSNR_dB,3.0716857766729284e-13,9,36
cohface,HR_MAE_bpm,0.022014950893386342,0,36
pure,RPFI,0.0012817503563666165,0,36
pure,RMSE,6.5695741337003665e-06,0,36
pure,CCC,6.5695741337003665e-06,0,36
pure,Spearman,1.0221213414783371e-05,0,36
pure,PSNR_dB,6.5695741337003665e-06,0,36
pure,HR_MAE_bpm,0.042380111991684094,0,36
ubfc,RPFI,2.8550677539750684e-21,23,36
ubfc,RMSE,4.043681445044047e-26,22,36
ubfc,CCC,4.043681445044047e-26,21,36
ubfc,Spearman,5.832152231200989e-25,21,36
ubfc,PSNR_dB,4.043681445044047e-26,24,36
ubfc,HR_MAE_bpm,0.003212696104482664,0,36
