model_A,model_B,wilcoxon_stat,p_raw,p_holm,delta_RPFI
bilstm,bimamba,281.0,0.08415465162215696,0.9257011678437266,0.8229575178688666
bilstm,bimamba_blend,319.0,0.22650754260575923,1.0,-0.40312473842899976
bilstm,lstm,210.0,0.006371744650095934,0.10194791440153494,2.0290783420742073
bilstm,mamba,286.0,0.09723449486591562,0.9257011678437266,-0.5438672588287208
bilstm,physdiff,128.0,6.718428085150663e-05,0.0015452384595846524,2.6487638217521496
bilstm,rnn,331.0,0.2948169606661395,1.0,0.9461613980699539
bilstm,transformer,259.0,0.04219436091807438,0.5063323310168926,1.5459677196998882
bimamba,bimamba_blend,136.0,0.00011535796875250526,0.0025378753125551157,-1.2260822562978664
bimamba,lstm,284.0,0.0918240616483672,0.9257011678437266,1.2061208242053407
bimamba,mamba,112.0,2.104776467604097e-05,0.0005472418815770652,-1.3668247766975874
bimamba,physdiff,206.0,0.005332173790520756,0.09064695443885284,1.825806303883283
bimamba,rnn,392.0,0.8160389817658142,1.0,0.1232038802010873
bimamba,transformer,363.0,0.5359713830403052,1.0,0.7230102018310216
bimamba_blend,lstm,115.0,2.639073136379011e-05,0.0006597682840947527,2.432203080503207
bimamba_blend,mamba,351.0,0.4358124383925315,1.0,-0.14074252039972102
bimamba_blend,physdiff,117.0,3.061662209802307e-05,0.0007347989303525537,3.0518885601811494
bimamba_blend,rnn,214.0,0.00758486291852023,0.11377294377780345,1.3492861364989537
bimamba_blend,transformer,150.0,0.00028057557574356906,0.005611511514871381,1.949092458128888
lstm,mamba,30.0,3.701643436215818e-09,1.036460162140429e-07,-2.572945600902928
lstm,physdiff,321.0,0.23705031063764181,1.0,0.6196854796779423
lstm,rnn,195.0,0.0032013230738812126,0.05762381532986183,-1.0829169440042534
lstm,transformer,374.0,0.6367651425298391,1.0,-0.4831106223743191
mamba,physdiff,59.0,1.634398358874023e-07,4.412875568959862e-06,3.1926310805808704
mamba,rnn,141.0,0.0001597403588675661,0.003354547536218888,1.4900286568986747
mamba,transformer,173.0,0.0010487130839464953,0.01992554859498341,2.089834978528609
physdiff,rnn,237.0,0.019245540157498908,0.2501920220474858,-1.7026024236821957
physdiff,transformer,230.0,0.014677642795504653,0.20548699913706514,-1.1027961020522614
rnn,transformer,343.0,0.3753805605592788,1.0,0.5998063216299343
