dataset,pair,N,models,participants,pooled,adj_model,adj_model_p,adj_participant,adj_participant_p,adj_both,adj_both_p,within_model_median,within_model_min,within_model_max,between_model,partial_given_third
pure,BWMD-WCR,90,9,10,-0.6459645223690167,-0.6746982362062441,4.980230491239419e-12,-0.39200263869553015,0.0003230767575971194,-0.2120706462234682,0.07371352322850364,-0.6242424242424242,-0.7818181818181817,-0.4545454545454545,-0.45,-0.6429149209434178
pure,BWMD-EDD,90,9,10,0.09682676873688109,0.06280823131856533,0.5775010773148436,0.22166957329761486,0.04814035711780063,-0.055199072743038986,0.6451331707089599,0.17575757575757575,-0.09090909090909088,0.28484848484848485,0.5166666666666667,-0.05189957069349277
pure,WCR-EDD,90,9,10,-0.20986129974894016,-0.16331457885203565,0.14517537926575794,-0.40282788061264335,0.00021176251291659418,-0.2935330364934431,0.012331590150880192,-0.2606060606060606,-0.3939393939393939,-0.0303030303030303,0.06666666666666667,-0.19389103956955783
ubfc,BWMD-WCR,360,9,40,-0.7033300154064974,-0.7031200987120092,1.2577076981848628e-53,-0.41543775080683826,8.776540675371218e-15,-0.2941827943646555,1.203055894669892e-07,-0.6818011257035649,-0.8251407129455911,-0.5771106941838651,-0.6666666666666667,-0.5109858234562108
ubfc,BWMD-EDD,360,9,40,0.5834435450890825,0.5730625483855974,5.01484139938439e-32,0.37584272143892183,3.5618481889444657e-12,0.244349628091326,1.2706594114217389e-05,0.5174484052532834,0.2701688555347092,0.7906191369606005,0.6,0.188510761457033
ubfc,WCR-EDD,360,9,40,-0.6920017386965435,-0.6934229210436419,1.2842065354499953e-51,-0.6772807772257969,2.7132846500889495e-44,-0.6746960210888682,8.711278983462006e-43,-0.6849906191369607,-0.8510318949343341,-0.625891181988743,-0.48333333333333334,-0.48784609026225595
cohface,BWMD-WCR,360,9,40,-0.18151606108071822,-0.1724781909315721,0.0011778206546397961,-0.10741200892367116,0.05492337629326127,-0.07753711804877386,0.17189540076505175,-0.13358348968105066,-0.4142589118198875,0.11482176360225141,-0.6833333333333333,-0.17852921782789735
cohface,BWMD-EDD,360,9,40,-0.08818818046435543,-0.036511322598555475,0.49534851124959334,-0.09571591416013693,0.08736859886086364,0.005032213010888623,0.92945513157664,-0.015384615384615387,-0.28067542213883684,0.31463414634146347,-0.75,-0.081693116770258
cohface,WCR-EDD,360,9,40,0.043681149803110615,-0.12856189957990713,0.015951479538758678,0.28742428120115854,1.674141378992135e-07,-0.22459988441750464,6.266189168889646e-05,-0.1131332082551595,-0.2529080675422139,-0.008255159474671672,0.48333333333333334,0.0282511296095435
