dataset,model,participant,n_recordings,n_chunks,folds,BWMD,SRE,WCR,EDD,s_BWMD,s_SRE,s_WCR,s_EDD,RPFI,RPFI_alt_agg,RMSE,PSNR_dB,SNR_ref_dB,g_SNR,cri,si,CCC,Spearman,HR_label_bpm,HR_pred_bpm,HR_MAE_bpm,PRV_sdnn_label_ms,PRV_sdnn_pred_ms,PRV_rmssd_label_ms,PRV_rmssd_pred_ms,PRV_n_rr_label,PRV_n_rr_pred
pure,bilstm,pure_01,6,40,2,0.36552561264387523,0.8223023996996074,0.6615852845319776,0.7460398623328727,0.5952902168443253,0.8629496000500654,0.6615852845319776,0.25396013766712733,55.81418296888361,60.044459795632946,0.8223023996996074,10.004230865111335,9.430572905024944,1.0,0.0016089344760092943,0.0037981829058213027,0.6619093817241335,0.6610991387437439,73.4765625,70.3125,3.8671875,78.69988627509169,163.9884674413799,73.69045544981299,180.9411231441171,448,463
pure,bilstm,pure_02,6,38,3,0.33119400809736466,0.6881167711632034,0.7645865188079585,0.8169926120912938,0.6333668369768454,0.8853138714727995,0.7645865188079585,0.1830073879087062,55.90334117562718,63.30502586117424,0.6881167711632034,12.014163819623525,10.237538462775964,1.0,0.0007185629206922998,0.00847215995924355,0.7632476546219638,0.7665948150869506,72.53289473684211,71.42269736842105,1.480263157894737,72.75656846678935,151.5489421125279,54.45926886960533,169.50654953249472,428,450
pure,bilstm,pure_03,6,38,0,0.7296467512436342,0.763287000451549,0.7138745501022713,0.7493737884265116,0.19144942758261485,0.8727854999247419,0.7138745501022713,0.2506262115734884,40.61529330664466,49.62795356051119,0.763287000451549,11.678208832812105,7.003999648318688,1.0,0.017915701375369165,0.0003366936464553393,0.7086964774708384,0.7216416590494207,56.25,56.620065789473685,1.1101973684210527,196.04758103833953,255.7787078932181,233.78284410479156,276.89256747230024,546,431
pure,bilstm,pure_04,6,38,4,0.6751900161514447,0.837629692841706,0.6546637640512057,0.7900732723134627,0.25184650028434297,0.860395051193049,0.6546637640512057,0.2099267276865373,41.352273826360445,48.60174350765819,0.837629692841706,12.370791411898844,9.937828275570388,1.0,0.0009694339827137631,0.006291954303163041,0.6491882488349545,0.6628770368755826,65.68667763157895,65.31661184210526,1.1101973684210527,212.47907785910232,171.95929125195747,220.25095789595406,179.25216814045737,499,417
pure,bilstm,pure_05,6,38,1,0.7558858640178822,3.033537412335762,0.49240864124390843,0.7290531362238183,0.16234805749180314,0.49441043127737305,0.49240864124390843,0.2709468637761817,31.349179561415674,34.94984686314244,1.011179137445254,10.839708029584505,-0.571614056501973,3.0,0.9726581464776495,1.7271651480833173e-07,0.488758375997736,0.4978840391131671,53.65953947368421,57.360197368421055,7.401315789473684,170.63632015964282,226.03096312269042,258.34117807427145,276.33652146439164,552,439
pure,bilstm,pure_06,5,32,0,0.4904362488195887,0.8581995435601211,0.6359752406441869,0.8017210144939664,0.4567538767285969,0.8569667427399799,0.6359752406441869,0.19827898550603362,48.41554962062608,53.88678808610378,0.8581995435601211,9.007621758631872,9.70238542456923,1.0,0.0012264730711288472,0.0049786046665864555,0.6317467717165995,0.642317944035568,68.3349609375,67.236328125,1.5380859375,71.1936879187403,175.536977137702,63.40454748277811,187.69224029008703,341,375
pure,bilstm,pure_07,6,39,1,0.8898048444387868,1.2721418814486805,0.1846991315028572,0.821704828579334,0.013820710361461375,0.7879763530918866,0.1846991315028572,0.17829517142066598,11.26235257206196,25.281025746180607,1.2721418814486805,7.243307216663338,10.32924612099228,1.0,0.0006556378536169655,0.009278313311015899,0.19082751673210585,0.1755065536589842,128.90625,71.7548076923077,57.15144230769231,51.18303645042255,218.05477581690292,68.42440822964464,229.2132342154929,783,527
pure,bilstm,pure_08,6,38,3,0.6396404570222194,2.3669471418722967,0.6941565973048598,0.7190837233460179,0.291273933890258,0.6055088096879506,0.6941565973048598,0.2809162766539821,43.43773755274527,47.29141766269219,0.7889823806240989,12.766050422463447,-0.682273937017147,3.0,0.9754520806534012,1.5462328592849184e-07,0.6887534015323646,0.7022613909636027,53.844572368421055,53.844572368421055,2.2203947368421053,230.61894719602955,229.75234814094551,286.24319129584006,302.3049382542591,487,491
pure,bilstm,pure_09,6,39,4,0.6683191727008072,2.517534137727794,0.6487442178243372,0.7148222177549156,0.25946684018734734,0.5804109770453676,0.6487442178243372,0.2851777822450844,40.889977338165494,44.558106926159574,0.8391780459092647,12.816154150114489,-3.7631183396743415,3.0,0.9988457139820092,7.10037422334526e-09,0.6478901036319544,0.6500253891129113,55.16826923076923,60.21634615384615,7.572115384615385,213.64977059979051,243.46915148078264,292.97124654176645,303.96364263175406,509,505
pure,bilstm,pure_10,6,38,2,0.2878351304029745,0.6874290681026246,0.7676323184697785,0.6997044986972234,0.68145545785983,0.8854284886495626,0.7676323184697785,0.3002955013027766,63.17098969587812,67.18711308893504,0.6874290681026246,13.00312275580862,8.722217661996094,1.0,0.003261771700327974,0.001874041149369969,0.7637206381637784,0.7734998389287786,79.56414473684211,77.89884868421052,2.4054276315789473,91.59639351810553,130.222637017402,53.97918963594133,139.8356491211939,467,469
pure,bimamba,pure_01,6,40,2,0.40416410644552825,0.8100143200662054,0.672250341374411,0.7250336537160734,0.5524368964006172,0.8649976133222991,0.672250341374411,0.2749663462839266,55.74462558967682,59.539896325375366,0.8100143200662054,10.135008083218356,9.430572905024944,1.0,0.0016089344760092943,0.0037981829058213027,0.6719384006438414,0.6727182524702656,73.4765625,71.3671875,3.1640625,78.69988627509169,162.12435858006899,73.69045544981299,181.41231534450773,448,463
pure,bimamba,pure_02,6,38,3,0.40967072075285005,0.7792707259997732,0.6979885612025184,0.8094620596208368,0.5463296006896889,0.8701215456667044,0.6979885612025184,0.19053794037916316,52.27610106591415,58.54273457768356,0.7792707259997732,10.933639438729072,10.237538462775964,1.0,0.0007185629206922998,0.00847215995924355,0.6963685677998935,0.7004185513064558,72.53289473684211,71.05263157894737,2.5904605263157894,72.75656846678935,152.67869626928362,54.45926886960533,183.54913371461592,428,452
pure,bimamba,pure_03,6,38,0,0.7123712818505585,0.8460046419986798,0.645392779652415,0.7770904881428777,0.21060936765474225,0.8589992263335534,0.645392779652415,0.22290951185712227,39.483424278110405,47.31823918302823,0.8460046419986798,10.784511232139355,7.003999648318688,1.0,0.017915701375369165,0.0003366936464553393,0.6421380728583426,0.6502748398435235,56.25,59.765625,3.885690789473684,196.04758103833953,231.57525483286892,233.78284410479156,264.7261904051194,546,441
pure,bimamba,pure_04,6,38,4,0.6587954182155903,0.8997630196788551,0.6015173152814242,0.8041489173022544,0.270029480254977,0.8500394967201909,0.6015173152814242,0.19585108269774565,40.50147227791625,47.06421545445076,0.8997630196788551,11.749269900559101,9.937828275570388,1.0,0.0009694339827137631,0.006291954303163041,0.5952132542091937,0.6109734068897698,65.68667763157895,66.05674342105263,2.2203947368421053,212.47907785910232,180.07917399309528,220.25095789595406,190.87910251869704,499,431
pure,bimamba,pure_05,6,38,1,0.7555126436425251,3.0897536595216604,0.4739218458323438,0.7223657551098969,0.16276199009547543,0.48504105674639,0.4739218458323438,0.27763424489010313,31.047613460435464,34.35402111056444,1.02991788650722,10.68021803230857,-0.571614056501973,3.0,0.9726581464776495,1.7271651480833173e-07,0.4696345735262507,0.4803527542914834,53.65953947368421,58.10032894736842,7.401315789473684,170.63632015964282,212.2636680408366,258.34117807427145,267.1728033785958,552,441
pure,bimamba,pure_06,5,32,0,0.467657111092579,0.8537154249345074,0.6394212401193868,0.7936378899739611,0.48201784518083346,0.8577140958442487,0.6394212401193868,0.20636211002603888,49.68777550588239,54.92469667641237,0.8537154249345074,9.0531247763624,9.70238542456923,1.0,0.0012264730711288472,0.0049786046665864555,0.6355849866144467,0.6451756203767971,68.3349609375,68.994140625,1.5380859375,71.1936879187403,163.7242224447786,63.40454748277811,175.11712438692095,341,369
pure,bimamba,pure_07,6,39,1,0.8648456143821767,1.3019228450111116,0.15075134063110945,0.7845196723191025,0.041502583499031354,0.7830128591648148,0.15075134063110945,0.21548032768089753,15.287490453486328,25.73748146081847,1.3019228450111116,7.042313276765993,10.32924612099228,1.0,0.0006556378536169655,0.009278313311015899,0.15249845281908672,0.14813067234914357,128.90625,78.42548076923077,50.48076923076923,51.18303645042255,198.21748206734833,68.42440822964464,227.96863154762534,783,567
pure,bimamba,pure_08,6,38,3,0.6265240518637029,2.1612802838843406,0.7449709364913364,0.7222544280659657,0.30582112395964334,0.6397866193526098,0.7449709364913364,0.27774557193403426,45.417006134076935,49.87440563926228,0.7204267612947801,13.555599778611636,-0.682273937017147,3.0,0.9754520806534012,1.5462328592849184e-07,0.740492640805157,0.7516883800206052,53.844572368421055,52.364309210526315,2.960526315789474,230.61894719602955,220.15160572536675,286.24319129584006,286.34390431999526,487,503
pure,bimamba,pure_09,6,39,4,0.6334124903044416,2.6174710446548812,0.6107515740024482,0.7077951875046369,0.29818126974138437,0.5637548258908531,0.6107515740024482,0.2922048124953631,41.82722126531157,44.387178080039305,0.8724903482182937,12.478023794652238,-3.7631183396743415,3.0,0.9988457139820092,7.10037422334526e-09,0.6193802961329602,0.5978084908066801,55.16826923076923,78.60576923076923,25.240384615384617,213.64977059979051,200.91671033184844,292.97124654176645,259.5688387357941,509,534
pure,bimamba,pure_10,6,38,2,0.27981737754597213,0.734151549762996,0.7340189522621147,0.699679863998351,0.6903478161951043,0.877641408372834,0.7340189522621147,0.300320136001649,62.46156769312039,66.29023394120622,0.734151549762996,12.431966206414831,8.722217661996094,1.0,0.003261771700327974,0.001874041149369969,0.7305107509902956,0.7392812541698434,79.56414473684211,78.08388157894737,2.2203947368421053,91.59639351810553,139.34588793289086,53.97918963594133,171.8164632502742,467,474
pure,bimamba_blend,pure_01,6,40,2,0.3754078338803885,0.8222451868852307,0.6619413756041069,0.7445731092003917,0.5843300071757537,0.8629591355191282,0.6619413756041069,0.25542689079960834,55.57694683080737,59.755862009770546,0.8222451868852307,10.004835218789893,9.430572905024944,1.0,0.0016089344760092943,0.0037981829058213027,0.6619564263220357,0.6619187995272138,73.4765625,72.7734375,3.1640625,78.69988627509169,153.66643972177928,73.69045544981299,175.98746553769823,448,478
pure,bimamba_blend,pure_02,6,38,3,0.3424862719115594,0.710864179201535,0.7491491891143334,0.8052159216255153,0.6208427721867248,0.8815226367997442,0.7491491891143334,0.19478407837448475,55.875621624234576,62.62589314251632,0.710864179201535,11.731674067139647,10.237538462775964,1.0,0.0007185629206922998,0.00847215995924355,0.747336059364064,0.7518688837397374,72.53289473684211,71.79276315789474,1.480263157894737,72.75656846678935,143.9497344121048,54.45926886960533,175.2494993664076,428,456
pure,bimamba_blend,pure_03,6,38,0,0.7416936222480583,0.8222274961829469,0.6686734886446158,0.7403503452790487,0.17808844032087756,0.8629620839695089,0.6686734886446158,0.25964965472095125,39.15893242985107,47.855092642774004,0.8222274961829469,11.032126232878799,7.003999648318688,1.0,0.017915701375369165,0.0003366936464553393,0.6619709722603608,0.6787272632209984,56.25,57.73026315789474,2.2203947368421053,196.04758103833953,237.23622684476112,233.78284410479156,283.3883500006657,546,430
pure,bimamba_blend,pure_04,6,38,4,0.6643222780609976,0.8872112377894624,0.6138042184454129,0.7947063569765207,0.2638997305494496,0.8521314603684229,0.6138042184454129,0.2052936430234793,40.871169499224976,47.47962053768392,0.8872112377894624,11.871292011194505,9.937828275570388,1.0,0.0009694339827137631,0.006291954303163041,0.606428109770045,0.6248683814584647,65.68667763157895,64.94654605263158,1.850328947368421,212.47907785910232,145.89877851814842,220.25095789595406,155.0138833437315,499,402
pure,bimamba_blend,pure_05,6,38,1,0.7432218300667026,2.9941673684694594,0.503317751821827,0.705649024097331,0.17639353006653058,0.5009721052550902,0.503317751821827,0.294350975902669,32.97868046774619,36.29780007980592,0.9980557894898199,10.9531736790922,-0.571614056501973,3.0,0.9726581464776495,1.7271651480833173e-07,0.501942320532926,0.5053808987551787,53.65953947368421,56.80509868421053,6.4761513157894735,170.63632015964282,233.44029392053451,258.34117807427145,307.7343590336436,552,446
pure,bimamba_blend,pure_06,5,32,0,0.39713355896985053,0.8826329561266355,0.6160381777692232,0.7884149816571452,0.5602343614212912,0.8528945073122274,0.6160381777692232,0.2115850183428548,51.6023235118051,56.57776668881708,0.8826329561266355,8.763784557171617,9.70238542456923,1.0,0.0012264730711288472,0.0049786046665864555,0.6104795323795781,0.6243761458536908,68.3349609375,68.5546875,1.5380859375,71.1936879187403,157.4435542696008,63.40454748277811,177.8560972469408,341,360
pure,bimamba_blend,pure_07,6,39,1,0.8873746091205191,1.2778825208255056,0.18389755583276204,0.7578424019089244,0.01651604453732125,0.7870195798624158,0.18389755583276204,0.24215759809107562,12.611342724946647,26.59595157017233,1.2778825208255056,7.2041996345802914,10.32924612099228,1.0,0.0006556378536169655,0.009278313311015899,0.18350813148432568,0.1844816923554166,128.90625,75.36057692307692,53.54567307692308,51.18303645042255,198.73258974291403,68.42440822964464,236.62391877965365,783,575
pure,bimamba_blend,pure_08,6,38,3,0.6207510766585053,2.1280513091487756,0.7515098518334269,0.7380024202868797,0.31222383617849614,0.6453247818085375,0.7515098518334269,0.2619975797131203,45.36650727719647,50.05845787079084,0.7093504363829252,13.69017971262952,-0.682273937017147,3.0,0.9754520806534012,1.5462328592849184e-07,0.7484109792016767,0.7561581607810521,53.844572368421055,53.104440789473685,3.700657894736842,230.61894719602955,216.19563092688284,286.24319129584006,284.97006854424177,487,497
pure,bimamba_blend,pure_09,6,39,4,0.6028835991353916,2.4784011703441613,0.6590649856181008,0.7015575489229564,0.3320403627685151,0.586933138275973,0.6590649856181008,0.2984424510770436,44.74304959868425,47.44067223865881,0.8261337234480538,12.952229406036684,-3.7631183396743415,3.0,0.9988457139820092,7.10037422334526e-09,0.6587515354909276,0.6595351608088604,55.16826923076923,61.11778846153846,10.276442307692308,213.64977059979051,208.73219128612243,292.97124654176645,264.4826126117932,509,493
pure,bimamba_blend,pure_10,6,38,2,0.2697965057990796,0.6575711377383623,0.7874774158098061,0.6838207962628262,0.7014618008731643,0.8904048103769396,0.7874774158098061,0.3161792037371738,64.94964771135558,68.79985678277137,0.6575711377383623,13.388825748553078,8.722217661996094,1.0,0.003261771700327974,0.001874041149369969,0.7838000994067377,0.7929933904144087,79.56414473684211,79.00904605263158,1.2952302631578947,91.59639351810553,123.99561691133277,53.97918963594133,131.28134426657283,467,480
pure,lstm,pure_01,6,40,2,0.518838361028348,0.8613257441103499,0.6291745491830141,0.7380340770216197,0.42525355940235465,0.8564457093149417,0.6291745491830141,0.2619659229783803,49.93610436830423,54.001075903427505,0.8613257441103499,9.601513457888245,9.430572905024944,1.0,0.0016089344760092943,0.0037981829058213027,0.6290589812663758,0.6293479010579716,73.4765625,67.8515625,6.328125,78.69988627509169,177.37527952501497,73.69045544981299,202.3783517714335,448,487
pure,lstm,pure_02,6,38,3,0.455994137762403,0.7279758753047469,0.7367978040017658,0.8007031236973949,0.49495305782162924,0.8786706874492088,0.7367978040017658,0.19929687630260506,52.14816444933644,58.511877129738124,0.7279758753047469,11.525066930724465,10.237538462775964,1.0,0.0007185629206922998,0.00847215995924355,0.7350255624871438,0.7394561662736986,72.53289473684211,71.05263157894737,2.960526315789474,72.75656846678935,155.14961349259963,54.45926886960533,173.88571221871854,428,466
pure,lstm,pure_03,6,38,0,0.7322755712416549,0.8660583624639819,0.6310609124227543,0.7526647195402955,0.18853384639194248,0.8556569395893363,0.6310609124227543,0.24733528045970454,38.703953743644824,46.64768716542172,0.8660583624639819,10.581022962184585,7.003999648318688,1.0,0.017915701375369165,0.0003366936464553393,0.6249714564031031,0.640195096452231,56.25,60.50575657894737,4.995888157894737,196.04758103833953,248.83653182517708,233.78284410479156,267.02250917883924,546,430
pure,lstm,pure_04,6,38,4,0.7634823450996256,0.8679333582358948,0.6298874091106805,0.7778620415594475,0.15392292478058467,0.8553444402940176,0.6298874091106805,0.2221379584405525,35.62235545442619,45.06395799142936,0.8679333582358948,12.062105085729275,9.937828275570388,1.0,0.0009694339827137631,0.006291954303163041,0.6233458428306811,0.6396997585306797,65.68667763157895,65.68667763157895,1.480263157894737,212.47907785910232,179.57874477820206,220.25095789595406,194.59329926574924,499,426
pure,lstm,pure_05,6,38,1,0.6342681983541967,3.218229233013823,0.4232950880277226,0.7065488572604539,0.29723221796284827,0.46362846116436285,0.4232950880277226,0.2934511427395461,36.029887995378004,36.757411257795304,1.0727430776712743,10.326355628829065,-0.571614056501973,3.0,0.9726581464776495,1.7271651480833173e-07,0.4246111446541811,0.4213210030880349,53.65953947368421,63.651315789473685,12.952302631578947,170.63632015964282,194.5942810707303,258.34117807427145,261.26580649554893,552,499
pure,lstm,pure_06,5,32,0,0.48171604608150936,0.9034362402175788,0.5967877574207716,0.7891818172334422,0.4664253107184235,0.8494272932970702,0.5967877574207716,0.21081818276655784,48.3044854013358,53.10130156544841,0.9034362402175788,8.561437187788837,9.70238542456923,1.0,0.0012264730711288472,0.0049786046665864555,0.5919014799307625,0.6041171736557853,68.3349609375,67.67578125,2.8564453125,71.1936879187403,171.1029031649712,63.40454748277811,199.37994466096012,341,373
pure,lstm,pure_07,6,39,1,0.877803683174516,1.250083219809848,0.2140216922993054,0.8047786097950783,0.027131001699277846,0.7916527966983586,0.2140216922993054,0.19522139020492169,14.688908211226337,26.9720645580231,1.250083219809848,7.395239719172726,10.32924612099228,1.0,0.0006556378536169655,0.009278313311015899,0.21864597177492137,0.2070852730858814,128.90625,75.18028846153847,53.72596153846154,51.18303645042255,200.75028015398905,68.42440822964464,238.5087028322024,783,575
pure,lstm,pure_08,6,38,3,0.6792967684262677,2.455823986825324,0.6677010187426982,0.7370111203026118,0.24729176861909397,0.5906960021957792,0.6677010187426982,0.26298887969738816,40.14188784231412,44.523481258717105,0.8186079956084414,12.445876873010548,-0.682273937017147,3.0,0.9754520806534012,1.5462328592849184e-07,0.6649404747629648,0.6718418347122982,53.844572368421055,57.360197368421055,4.255756578947368,230.61894719602955,246.16747465847524,286.24319129584006,313.02338066587663,487,459
pure,lstm,pure_09,6,39,4,0.6465116976488489,2.5548079855983556,0.6370242768172528,0.6744481516239279,0.28365315348586817,0.5741986690669407,0.6370242768172528,0.3255518483760721,42.79761319731177,45.615333257953885,0.8516026618661185,12.688496216602772,-3.7631183396743415,3.0,0.9988457139820092,7.10037422334526e-09,0.6373864531512706,0.636481012316226,55.16826923076923,60.57692307692308,7.211538461538462,213.64977059979051,231.04320978974707,292.97124654176645,275.9232386618308,509,483
pure,lstm,pure_10,6,38,2,0.4182540646615516,0.7558421102700221,0.7173227751416524,0.7119981869940981,0.5368099545853058,0.8740263149549963,0.7173227751416524,0.2880018130059019,56.99601607209088,60.8645444510267,0.7558421102700221,12.179058922007053,8.722217661996094,1.0,0.003261771700327974,0.001874041149369969,0.7143513521712798,0.7217799095972116,79.56414473684211,75.86348684210526,4.440789473684211,91.59639351810553,150.2791509415005,53.97918963594133,179.6570738713945,467,487
pure,mamba,pure_01,6,40,2,0.31338771635575735,0.8317402276180119,0.6555627102084441,0.7367119684137041,0.6531155034190297,0.8613766287303314,0.6555627102084441,0.2632880315862959,57.62435945349081,61.75363961515675,0.8317402276180119,9.905107879973103,9.430572905024944,1.0,0.0016089344760092943,0.0037981829058213027,0.6541040968809688,0.6577506301996572,73.4765625,72.7734375,3.515625,78.69988627509169,147.07907032042536,73.69045544981299,178.7466997925408,448,461
pure,mamba,pure_02,6,38,3,0.38378092602165453,0.7147407562991872,0.7462776192564262,0.805975561316451,0.5750435478619846,0.8808765406168021,0.7462776192564262,0.19402443868354902,54.4922376072397,61.13765459955934,0.7147407562991872,11.684435729226749,10.237538462775964,1.0,0.0007185629206922998,0.00847215995924355,0.7445728256424332,0.7488348096774156,72.53289473684211,72.34786184210526,1.665296052631579,72.75656846678935,145.0025203824783,54.45926886960533,178.9938101362333,428,462
pure,mamba,pure_03,6,38,0,0.7566416125940805,0.8214127940567317,0.6656340856328589,0.7238012921392236,0.16150986912770815,0.8630978676572114,0.6656340856328589,0.2761987078607764,38.449148183617766,47.60025015317677,0.8214127940567317,11.040736892252085,7.003999648318688,1.0,0.017915701375369165,0.0003366936464553393,0.6626405108799566,0.6701244477622121,56.25,59.21052631578947,4.440789473684211,196.04758103833953,244.6597413263022,233.78284410479156,281.499375040422,546,422
pure,mamba,pure_04,6,38,4,0.659899961156371,0.8893368876062747,0.6116637963367599,0.7834621417744887,0.2688044497755776,0.8517771853989542,0.6116637963367599,0.2165378582255113,41.49127082704223,47.78034825585944,0.8893368876062747,11.85050656973659,9.937828275570388,1.0,0.0009694339827137631,0.006291954303163041,0.6045399501713917,0.6223495655848122,65.68667763157895,65.31661184210526,1.480263157894737,212.47907785910232,162.2645756011004,220.25095789595406,170.0987114629221,499,411
pure,mamba,pure_05,6,38,1,0.7233459296455752,3.0233823045835297,0.4910456311504127,0.7084383058189805,0.19843756558784698,0.49610294923607834,0.4910456311504127,0.2915616941810195,33.781908197134356,36.437788770489746,1.0077941015278433,10.868833800428824,-0.571614056501973,3.0,0.9726581464776495,1.7271651480833173e-07,0.4921755244628435,0.4893507911817665,53.65953947368421,60.50575657894737,7.2162828947368425,170.63632015964282,216.39293482537417,258.34117807427145,292.0062957671919,552,478
pure,mamba,pure_06,5,32,0,0.4578375085483479,0.8627017871620213,0.6326011464881045,0.7701347366033227,0.49290860548370485,0.8562163688063298,0.6326011464881045,0.22986526339667734,50.930775277421766,55.48692520321442,0.8627017871620213,8.962173388556,9.70238542456923,1.0,0.0012264730711288472,0.0049786046665864555,0.6278728132137272,0.6396936463996705,68.3349609375,68.7744140625,0.87890625,71.1936879187403,175.5322527762311,63.40454748277811,194.038124219942,341,382
pure,mamba,pure_07,6,39,1,0.8991621129559195,1.2579230594965218,0.2078400526406687,0.7657597601737652,0.0034427171534199275,0.7903461567505797,0.2078400526406687,0.23424023982623476,8.12615208501499,26.830211025358953,1.2579230594965218,7.340936662071474,10.32924612099228,1.0,0.0006556378536169655,0.009278313311015899,0.2088147881934551,0.20637794931148915,128.90625,77.34375,51.5625,51.18303645042255,197.0177642404025,68.42440822964464,244.73047238794425,783,579
pure,mamba,pure_08,6,38,3,0.6589142642250503,2.3910654097576476,0.6866268126304804,0.7136057251906656,0.26989767009299215,0.6014890983737253,0.6866268126304804,0.28639427480933444,42.42427083865275,46.45340194536537,0.7970218032525491,12.677992475954634,-0.682273937017147,3.0,0.9754520806534012,1.5462328592849184e-07,0.6823781225700274,0.69299984772116,53.844572368421055,56.25,2.4054276315789473,230.61894719602955,219.5169758216726,286.24319129584006,278.46581455637096,487,488
pure,mamba,pure_09,6,39,4,0.5875575296781743,2.4467320063741944,0.6655215885638917,0.6853617038122956,0.34903825530967203,0.5922113322709677,0.6655215885638917,0.31463829618770445,46.11776077310126,48.573787885380355,0.8155773354580649,13.06393345322132,-3.7631183396743415,3.0,0.9988457139820092,7.10037422334526e-09,0.6674168049435616,0.6626787639943866,55.16826923076923,62.74038461538461,9.735576923076923,213.64977059979051,216.03562735212768,292.97124654176645,270.9182278102454,509,495
pure,mamba,pure_10,6,38,2,0.2709180799097562,0.6754225339819463,0.7763292130112853,0.6690023182678165,0.7002178814022626,0.8874295776696757,0.7763292130112853,0.33099768173218347,65.18917848453836,68.66495802044362,0.6754225339819463,13.156169688163049,8.722217661996094,1.0,0.003261771700327974,0.001874041149369969,0.7719022002947034,0.7829697320861582,79.56414473684211,79.00904605263158,1.2952302631578947,91.59639351810553,117.94916716970724,53.97918963594133,132.80035318532322,467,461
pure,physdiff,pure_01,6,40,2,0.4187991308186628,0.9311679831714608,0.5706433709624565,0.7381559357265673,0.5362054306405162,0.8448053361380898,0.5706433709624565,0.26184406427343265,51.84043913660206,55.33845205631963,0.9311679831714608,8.924301318262307,9.430572905024944,1.0,0.0016089344760092943,0.0037981829058213027,0.5664630935581972,0.5769137870688457,73.4765625,72.7734375,3.8671875,78.69988627509169,170.1082790389029,73.69045544981299,203.69220629456856,448,491
pure,physdiff,pure_02,6,38,3,0.515648724376101,0.8269313171609611,0.6621177026775362,0.7808537937964294,0.4287911331561196,0.8621781138065064,0.6621177026775362,0.21914620620357061,49.1157170603964,54.35375147521122,0.8269313171609611,10.41801788362248,10.237538462775964,1.0,0.0007185629206922998,0.00847215995924355,0.6580922983492189,0.6681558091700122,72.53289473684211,72.9029605263158,1.480263157894737,72.75656846678935,169.1992837703447,54.45926886960533,209.8227422021311,428,481
pure,physdiff,pure_03,6,38,0,0.7331553685670952,0.9655438171478338,0.5393290595548141,0.7449564330145382,0.18755807759240928,0.8390760304753611,0.5393290595548141,0.2550435669854618,36.94707106202612,43.689006063633165,0.9655438171478338,9.636526408385663,7.003999648318688,1.0,0.017915701375369165,0.0003366936464553393,0.5338625685837953,0.5475287960113425,56.25,62.171052631578945,6.291118421052632,196.04758103833953,237.09543320200015,233.78284410479156,286.0603383083677,546,472
pure,physdiff,pure_04,6,38,4,0.6820134936280651,1.0051362666852957,0.5079539616688832,0.7912586715795871,0.24427869320710316,0.8324772888857841,0.5079539616688832,0.20874132842041293,37.679848625656085,43.39135199240353,1.0051362666852957,10.78733382969176,9.937828275570388,1.0,0.0009694339827137631,0.006291954303163041,0.49485054269697276,0.5276090901267487,65.68667763157895,66.42680921052632,2.2203947368421053,212.47907785910232,207.46179768745645,220.25095789595406,235.96400646217,499,452
pure,physdiff,pure_05,6,38,1,0.6332331882334198,3.3382802372690206,0.38429802801062074,0.6656251217034495,0.29838013073076874,0.4436199604551633,0.38429802801062074,0.33437487829655055,35.65170963522971,36.04024153727596,1.1127600790896734,10.008239309761644,-0.571614056501973,3.0,0.9726581464776495,1.7271651480833173e-07,0.38088250319217193,0.38942131523829404,53.65953947368421,68.46217105263158,15.912828947368421,170.63632015964282,200.41985937820124,258.34117807427145,274.34395347992745,552,523
pure,physdiff,pure_06,5,32,0,0.5194445325774475,0.9680962348052822,0.5380268041735943,0.788196179279159,0.4245812644684277,0.838650627532453,0.5380268041735943,0.21180382072084103,45.449843784613286,49.88733102432654,0.9680962348052822,7.961016722206885,9.70238542456923,1.0,0.0012264730711288472,0.0049786046665864555,0.5313948400779179,0.547974750317109,68.3349609375,68.3349609375,0.87890625,71.1936879187403,184.45249188288778,63.40454748277811,228.3162839321961,341,387
pure,physdiff,pure_07,6,39,1,0.7255749555727496,1.1587777623028723,0.3283616696152514,0.7401793461140219,0.1959653894511454,0.8068703729495212,0.3283616696152514,0.2598206538859781,32.12588032270926,37.06363230870189,1.1587777623028723,8.054015186176596,10.32924612099228,1.0,0.0006556378536169655,0.009278313311015899,0.3286170487961738,0.3279786008438678,128.90625,117.90865384615384,11.358173076923077,51.18303645042255,154.58861433582342,68.42440822964464,191.29008615550526,783,678
pure,physdiff,pure_08,6,38,3,0.6699254444151158,2.6441874689135423,0.6137644970019738,0.7182334816394866,0.25768535054527475,0.5593020885144095,0.6137644970019738,0.28176651836051336,39.74061769773254,42.96486756391591,0.8813958229711808,11.803976757278676,-0.682273937017147,3.0,0.9754520806534012,1.5462328592849184e-07,0.6115707016244771,0.6170551900682189,53.844572368421055,61.24588815789474,8.141447368421053,230.61894719602955,217.82916060326164,286.24319129584006,296.3443467836105,487,512
pure,physdiff,pure_09,6,39,4,0.6451696371096753,2.9356928677052014,0.524093239592271,0.6483034902773169,0.2851416108422882,0.5107178553824665,0.524093239592271,0.35169650972268307,40.10611242740868,41.52533281513977,0.9785642892350671,11.481449161646557,-3.7631183396743415,3.0,0.9988457139820092,7.10037422334526e-09,0.5212059659169339,0.5284241501052768,55.16826923076923,73.19711538461539,19.83173076923077,213.64977059979051,185.12515384960196,292.97124654176645,256.9695182961072,509,539
pure,physdiff,pure_10,6,38,2,0.2895911935607715,0.7151675499096645,0.7482131389224707,0.678677321794913,0.6795078369818845,0.8808054083483893,0.7482131389224707,0.321322678205087,63.42058011284756,66.87419100820019,0.7151675499096645,12.659524594324552,8.722217661996094,1.0,0.003261771700327974,0.001874041149369969,0.7442676877781039,0.7541313156390207,79.56414473684211,79.00904605263158,1.665296052631579,91.59639351810553,137.05894723178963,53.97918963594133,164.26846010152704,467,486
pure,pos,pure_01,6,40,2,0.4445292500341879,1.002613190480158,0.5181143450581451,0.8072084942780118,0.5076685769666152,0.8328978015866403,0.5181143450581451,0.19279150572198822,46.46625720903616,51.28727380691538,1.002613190480158,8.282193739362395,9.430572905024944,1.0,0.0016089344760092943,0.0037981829058213027,0.49738339513759944,0.5492107699389637,73.4765625,71.89453125,4.74609375,78.69988627509169,182.6704227120709,73.69045544981299,238.8852596768717,448,485
pure,pos,pure_02,6,38,3,0.5281002024882614,0.9657709790022332,0.5456464634055918,0.8663598889654236,0.414981402780051,0.8390381701662945,0.5456464634055918,0.1336401110345764,41.34525768261923,48.2724016095867,0.9657709790022332,9.069923658442798,10.237538462775964,1.0,0.0007185629206922998,0.00847215995924355,0.5336432080585342,0.563651346426178,72.53289473684211,71.42269736842105,1.850328947368421,72.75656846678935,174.48658547301974,54.45926886960533,236.28533876834683,428,470
pure,pos,pure_03,6,38,0,0.7721887853971618,1.1131833562737306,0.3961078197696438,0.8263340559873408,0.14426675448808823,0.8144694406210449,0.3961078197696438,0.17366594401265922,28.655750977183637,35.97394492040604,1.1131833562737306,8.40063206482879,7.003999648318688,1.0,0.017915701375369165,0.0003366936464553393,0.38041140765757664,0.4196524379377446,56.25,62.171052631578945,5.921052631578948,196.04758103833953,237.35688480890337,233.78284410479156,309.9619152232882,546,454
pure,pos,pure_04,6,38,4,0.7719040663944922,1.1629015287491529,0.3524004706544777,0.8373703941684809,0.1445825316692706,0.8061830785418078,0.3524004706544777,0.1626296058315191,27.269196973634003,34.28574375717899,1.1629015287491529,9.52097386498084,9.937828275570388,1.0,0.0009694339827137631,0.006291954303163041,0.3238300172164416,0.39525615081153187,65.68667763157895,65.31661184210526,2.2203947368421053,212.47907785910232,198.6978454396736,220.25095789595406,242.42348294860903,499,437
pure,pos,pure_05,6,38,1,0.7434034572333054,3.7762436610316295,0.2273422707519781,0.7236607009047547,0.17619209035173045,0.37062605649472846,0.2273422707519781,0.27633929909524535,24.14769604257529,25.045337944910735,1.258747887010543,8.937494952994971,-0.571614056501973,3.0,0.9726581464776495,1.7271651480833173e-07,0.20777687847324658,0.2566903591700754,53.65953947368421,66.61184210526316,13.692434210526315,170.63632015964282,206.36925414198882,258.34117807427145,280.66337456918285,552,494
pure,pos,pure_06,5,32,0,0.5899655574324685,1.187426273991186,0.31320526648286656,0.8687493856842335,0.34636755117917883,0.802095621001469,0.31320526648286656,0.13125061431576646,32.739751187506094,38.45410923620607,1.187426273991186,6.187254257692988,9.70238542456923,1.0,0.0012264730711288472,0.0049786046665864555,0.2950094219177042,0.34049903333061016,68.3349609375,67.4560546875,1.318359375,71.1936879187403,190.78388595381506,63.40454748277811,248.04793443562025,341,384
pure,pos,pure_07,6,39,1,0.8318343770409444,1.2536272059251312,0.22734752821552123,0.7992436641332308,0.07811480599634313,0.7910621323458115,0.22734752821552123,0.20075633586676922,20.653946598798974,29.00023939060755,1.2536272059251312,7.370650060146067,10.32924612099228,1.0,0.0006556378536169655,0.009278313311015899,0.2142094142821743,0.24705469911554165,128.90625,105.28846153846153,23.61778846153846,51.18303645042255,167.22138778477074,68.42440822964464,209.70402171773412,783,672
pure,pos,pure_08,6,38,3,0.6735786824922972,2.780918063342064,0.5777070965940112,0.742249745160224,0.25363360404650426,0.536513656109656,0.5777070965940112,0.257750254839776,37.83818754309546,40.8254992382041,0.9269726877806879,11.366057750914841,-0.682273937017147,3.0,0.9754520806534012,1.5462328592849184e-07,0.5703608180543236,0.5887265144035427,53.844572368421055,58.10032894736842,4.995888157894737,230.61894719602955,219.34260212183364,286.24319129584006,296.30663011080105,487,486
pure,pos,pure_09,6,39,4,0.6891742304501538,3.2405354593653986,0.42182647534954076,0.6524509257508829,0.236336837315275,0.45991075677243354,0.42182647534954076,0.3475490742491171,34.70064255641764,35.894096000375484,1.080178486455133,10.623325954837364,-3.7631183396743415,3.0,0.9988457139820092,7.10037422334526e-09,0.41660721869974926,0.42965536032422796,55.16826923076923,75.18028846153847,21.454326923076923,213.64977059979051,185.7435926729918,292.97124654176645,252.82960075423105,509,514
pure,pos,pure_10,6,38,2,0.3696440037827563,0.9156045765864333,0.5986869290586954,0.7840209684209569,0.5907225767056341,0.8473992372355944,0.5986869290586954,0.21597903157904308,52.12846484767736,56.94985054922264,0.9156045765864333,10.513521508540025,8.722217661996094,1.0,0.003261771700327974,0.001874041149369969,0.5808341296669896,0.6254661281462541,79.56414473684211,79.9342105263158,2.960526315789474,91.59639351810553,151.59364491836183,53.97918963594133,194.37779463652848,467,487
pure,rnn,pure_01,6,40,2,0.394500319213992,0.8044976831440857,0.6780025445986808,0.7522697694284395,0.5631548444929707,0.8659170528093191,0.6780025445986808,0.24773023057156052,55.061597110832174,59.50766734036714,0.8044976831440857,10.194366063667498,9.430572905024944,1.0,0.0016089344760092943,0.0037981829058213027,0.6763917389078996,0.6804187531348524,73.4765625,71.3671875,2.8125,78.69988627509169,170.10252656942635,73.69045544981299,180.74062958930307,448,477
pure,rnn,pure_02,6,38,3,0.5096332187908489,0.7307683089577609,0.7344970167615534,0.783982317321523,0.4354628318460073,0.8782052818403732,0.7344970167615534,0.21601768267847699,50.94474680484572,56.98325474860383,0.7307683089577609,11.491812573421603,10.237538462775964,1.0,0.0007185629206922998,0.00847215995924355,0.7329888393115072,0.7367592829366227,72.53289473684211,71.97779605263158,1.665296052631579,72.75656846678935,166.20883533285684,54.45926886960533,194.20332676526635,428,480
pure,rnn,pure_03,6,38,0,0.7559186493369109,0.8561705728389054,0.6392822879807796,0.7236287373859476,0.16231169583160487,0.857304904526849,0.6392822879807796,0.2763712626140524,37.99604421366222,46.72134285718956,0.8561705728389054,10.680760217031054,7.003999648318688,1.0,0.017915701375369165,0.0003366936464553393,0.6334859751023505,0.6479767572984233,56.25,58.10032894736842,2.960526315789474,196.04758103833953,245.82653025366187,233.78284410479156,278.9066953725172,546,436
pure,rnn,pure_04,6,38,4,0.6827664988110925,0.9036853408739609,0.5997537855071484,0.7865882362371496,0.24344354749542774,0.8493857765210066,0.5997537855071484,0.21341176376285043,39.900289577309834,46.55187079575443,0.9036853408739609,11.71148794518018,9.937828275570388,1.0,0.0009694339827137631,0.006291954303163041,0.5916764023447566,0.6118698602507361,65.68667763157895,65.8717105263158,1.2952302631578947,212.47907785910232,177.89817893481322,220.25095789595406,188.70492353696795,499,429
pure,rnn,pure_05,6,38,1,0.7013106324499891,3.1514811962274143,0.44847317727394287,0.7151470338919196,0.22287655269335338,0.4747531339620976,0.44847317727394287,0.2848529661080804,33.58597604008291,35.332613900422444,1.0504937320758048,10.50840073435946,-0.571614056501973,3.0,0.9726581464776495,1.7271651480833173e-07,0.44823145943472414,0.44883575403277104,53.65953947368421,58.10032894736842,8.141447368421053,170.63632015964282,213.76973715570608,258.34117807427145,286.7441755680876,552,477
pure,rnn,pure_06,5,32,0,0.41165236761876817,0.9043067267388558,0.5956179308611755,0.777977675967275,0.544131788616905,0.8492822122101907,0.5956179308611755,0.22202232403272504,51.084752439583504,55.618582309200725,0.9043067267388558,8.553072115344541,9.70238542456923,1.0,0.0012264730711288472,0.0049786046665864555,0.5911146719874278,0.6023728191717971,68.3349609375,67.4560546875,2.197265625,71.1936879187403,174.57019291291252,63.40454748277811,209.76022079369676,341,374
pure,rnn,pure_07,6,39,1,0.8740106562035709,1.2411300344180471,0.22776079963689375,0.7914479553483663,0.03133778576989765,0.7931449942636588,0.22776079963689375,0.20855204465163368,15.840817618624092,27.80689834050959,1.2411300344180471,7.457672523676486,10.32924612099228,1.0,0.0006556378536169655,0.009278313311015899,0.22979811883272858,0.22470482084314153,128.90625,77.52403846153847,51.38221153846154,51.18303645042255,207.12767549309643,68.42440822964464,259.28992231388844,783,592
pure,rnn,pure_08,6,38,3,0.6893446643468826,2.40764785701077,0.6809453911448016,0.7029580760490133,0.23614781187270772,0.5987253571648716,0.6809453911448016,0.2970419239509867,40.916449718381614,45.42814171284245,0.8025492856702567,12.617962266989675,-0.682273937017147,3.0,0.9754520806534012,1.5462328592849184e-07,0.6779573220350802,0.6854274948093838,53.844572368421055,56.06496710526316,2.2203947368421053,230.61894719602955,210.36164419852415,286.24319129584006,281.20670832330154,487,510
pure,rnn,pure_09,6,39,4,0.6021825027884524,2.5684055686667024,0.6307483212028486,0.6875055852167898,0.33281793724053066,0.5719324052222163,0.6307483212028486,0.31249441478321016,44.36660949110534,46.595524153409904,0.8561351895555676,12.64238945882116,-3.7631183396743415,3.0,0.9988457139820092,7.10037422334526e-09,0.6335162686023267,0.6265964001036317,55.16826923076923,64.1826923076923,10.45673076923077,213.64977059979051,207.40106662256247,292.97124654176645,278.17892181975765,509,504
pure,rnn,pure_10,6,38,2,0.3084421294510121,0.719640214888905,0.7458606446963851,0.7030150406025779,0.6586005728293229,0.8800599641851825,0.7458606446963851,0.2969849593974221,61.777920128161234,65.67473499742333,0.719640214888905,12.605372113152475,8.722217661996094,1.0,0.003261771700327974,0.001874041149369969,0.7410589805573254,0.7530631409049747,79.56414473684211,76.78865131578948,4.255756578947368,91.59639351810553,137.9460301736689,53.97918963594133,163.05613017394225,467,472
pure,transformer,pure_01,6,40,2,0.35641272720052,0.8994533609500589,0.5976436364201131,0.7554000182405397,0.6053971687890771,0.8500911065083235,0.5976436364201131,0.2445999817594603,53.842991872466705,57.98504592163138,0.8994533609500589,9.225289039274479,9.430572905024944,1.0,0.0016089344760092943,0.0037981829058213027,0.5954918257378211,0.600871352443551,73.4765625,71.71875,3.515625,78.69988627509169,154.4321203467116,73.69045544981299,181.66181413093798,448,478
pure,transformer,pure_02,6,38,3,0.45813690608472746,0.779379522377961,0.6990132381868346,0.8006121689643423,0.49257654858126987,0.8701034129370064,0.6990132381868346,0.19938783103565771,51.16130854795181,57.13751848249642,0.779379522377961,10.932426859657557,10.237538462775964,1.0,0.0007185629206922998,0.00847215995924355,0.6962837800489509,0.7031074253936601,72.53289473684211,71.79276315789474,1.480263157894737,72.75656846678935,167.07225407482895,54.45926886960533,204.189829790904,428,473
pure,transformer,pure_03,6,38,0,0.7160070794427922,0.8777735213091239,0.6189465619961887,0.726265796593299,0.20657696411209214,0.853704413115146,0.6189465619961887,0.27373420340670096,40.34110892706065,47.31447811368537,0.8777735213091239,10.464316634419164,7.003999648318688,1.0,0.017915701375369165,0.0003366936464553393,0.61475682264429,0.6252311710240368,56.25,60.875822368421055,4.995888157894737,196.04758103833953,239.60083671076498,233.78284410479156,287.74775158433744,546,435
pure,transformer,pure_04,6,38,4,0.648288905388584,0.9112065759290218,0.5900176288994319,0.7778719231349512,0.28168208149851637,0.8481322373451631,0.5900176288994319,0.22212807686504876,41.80234722060222,47.55619759614269,0.9112065759290218,11.639495788492095,9.937828275570388,1.0,0.0009694339827137631,0.006291954303163041,0.5848512879918537,0.5977671402607992,65.68667763157895,66.42680921052632,2.2203947368421053,212.47907785910232,196.5989788098749,220.25095789595406,220.9714525414625,499,442
pure,transformer,pure_05,6,38,1,0.7497385006495726,3.1774338059679,0.4408817398169439,0.7045358617848232,0.16916599748859495,0.47042769900535,0.4408817398169439,0.2954641382151768,30.93072416394873,33.6192688635767,1.0591446019893,10.4371649008976,-0.571614056501973,3.0,0.9726581464776495,1.7271651480833173e-07,0.4391063560384638,0.44354481548466396,53.65953947368421,60.50575657894737,7.956414473684211,170.63632015964282,214.6717291678574,258.34117807427145,296.7865014223014,552,465
pure,transformer,pure_06,5,32,0,0.4016936288513201,0.8791719572026615,0.6182184233137423,0.7757468543251846,0.5551768626254154,0.8534713404662231,0.6182184233137423,0.22425314567481536,52.126370628338655,56.7563483009955,0.8791719572026615,8.797910802517432,9.70238542456923,1.0,0.0012264730711288472,0.0049786046665864555,0.6135283348342208,0.6252535560330247,68.3349609375,68.7744140625,0.87890625,71.1936879187403,172.55721854139907,63.40454748277811,209.20492166909034,341,373
pure,transformer,pure_07,6,39,1,0.8851492536762876,1.255330807826872,0.21129871250158228,0.7438592326610098,0.018984149801525962,0.7907781986955214,0.21129871250158228,0.25614076733899016,13.876919841766181,27.846865189783475,1.255330807826872,7.358854485809058,10.32924612099228,1.0,0.0006556378536169655,0.009278313311015899,0.2120722814603665,0.21013835906340594,128.90625,94.11057692307692,34.79567307692308,51.18303645042255,186.71228335534678,68.42440822964464,233.7790755366822,783,610
pure,transformer,pure_08,6,38,3,0.6498175700263025,2.3666262141291714,0.692599213244252,0.7363517508322065,0.27998666459361843,0.605562297645138,0.692599213244252,0.2636482491677935,42.356741861612285,46.56178727139474,0.7888754047097237,12.767228197794347,-0.682273937017147,3.0,0.9754520806534012,1.5462328592849184e-07,0.6888377979220345,0.6982413362275784,53.844572368421055,58.4703947368421,6.8462171052631575,230.61894719602955,237.2227369443627,286.24319129584006,318.70227686200116,487,480
pure,transformer,pure_09,6,39,4,0.6002893730540017,2.682292188130162,0.5956231158452359,0.6809054243697378,0.3349175764130199,0.5529513019783063,0.5956231158452359,0.3190945756302622,43.58069045086274,45.357138319919045,0.8940973960433873,12.265539820594718,-3.7631183396743415,3.0,0.9988457139820092,7.10037422334526e-09,0.6002949231942168,0.5886154048217642,55.16826923076923,73.5576923076923,20.552884615384617,213.64977059979051,207.08280569098065,292.97124654176645,300.61913412037364,509,535
pure,transformer,pure_10,6,38,2,0.25216488379090035,0.6977614602826,0.7598915085488123,0.6777012524033097,0.7210167439756957,0.8837064232862333,0.7598915085488123,0.3222987475966903,64.94151388541194,68.54735099339372,0.6977614602826,12.873541039991741,8.722217661996094,1.0,0.003261771700327974,0.001874041149369969,0.7565644722721467,0.7648820629638106,79.56414473684211,78.82401315789474,1.850328947368421,91.59639351810553,122.23387088733513,53.97918963594133,144.8721486021221,467,471
