dataset,model,participant,n_recordings,n_chunks,folds,BWMD,WCR,EDD,s_BWMD,s_WCR,s_EDD,RPFI,RPFI_alt_agg,RMSE,PSNR_dB,CCC,Spearman,HR_label_bpm,HR_pred_bpm,HR_MAE_bpm,PRV_sdnn_label_ms,PRV_sdnn_pred_ms,PRV_rmssd_label_ms,PRV_rmssd_pred_ms,PRV_n_rr_label,PRV_n_rr_pred
pure,bilstm,pure_01,30,200,0|1|2|3|4,0.6745369774055354,0.48587106051609874,0.8218527832007766,0.2525707748584055,0.48587106051609874,0.1781472167992234,29.582427497791898,32.1452492465245,1.0117673298781642,8.203248980819959,0.48816343509560484,0.4824324986468396,73.4765625,79.20703125,6.50390625,78.62955571030622,161.39002626845507,73.69045544981297,177.86550182208785,2240,2693
pure,bilstm,pure_02,30,190,0|1|2|3|4,0.6266929657289817,0.5256648586642718,0.8738750891221747,0.30563378435905386,0.5256648586642718,0.1261249108778253,30.0204074241837,34.32682188532035,0.9729937994790344,9.005205222787465,0.5266415330876767,0.5241998470291646,72.53289473684211,83.26480263157895,11.398026315789474,72.68850805108208,157.24700017757274,54.45926886960533,174.41389590706584,2140,2583
pure,bilstm,pure_03,30,190,0|1|2|3|4,0.6955525133039551,0.22384204032250354,0.8435244093695577,0.22926278830038138,0.22384204032250354,0.15647559063044225,20.652130446155205,20.903320839119242,1.2396401223885547,7.466053667457056,0.2316461834822441,0.21213582558289268,56.25,87.26151315789474,31.011513157894736,195.9038511208971,163.47962412486706,233.78284410479156,207.0935122239807,2730,2858
pure,bilstm,pure_04,30,190,0|1|2|3|4,0.697320424623009,0.2547948852728221,0.8507530070784597,0.22730202682089962,0.2547948852728221,0.1492469929215403,21.356208522346808,21.809809026553072,1.220059097499701,9.104215341052427,0.25572789930410766,0.25339536422589387,65.68667763157895,83.4498355263158,17.98519736842105,212.3086172798318,180.30356206939203,220.25095789595406,209.58575624883898,2495,2722
pure,bilstm,pure_05,30,190,0|1|2|3|4,0.593290021637293,0.12413361563977346,0.7337667561691694,0.3426804423957902,0.12413361563977346,0.2662332438308306,21.984044399429504,24.1613582721044,1.3163929167653152,8.548559308106277,0.13355484434505302,0.11000177258185413,53.65953947368421,90.29605263157895,36.71052631578947,170.51258096993968,139.837319233741,258.3411780742715,189.08515844278122,2760,2866
pure,bilstm,pure_06,25,160,0|1|2|3|4,0.8128220724857051,0.2329832111964819,0.8649899439282454,0.0992010414914799,0.2329832111964819,0.13501005607175465,14.758147663032068,15.832160877592433,1.23635698074265,5.8365096368760945,0.23571070808445904,0.22889196586451624,68.3349609375,81.0791015625,13.359375,71.11007815657827,165.17933485802556,63.40454748277811,198.1621295075767,1705,2307
pure,bilstm,pure_07,30,195,0|1|2|3|4,0.6997916970807488,0.24963938599427188,0.8149588700252295,0.22456117902598105,0.24963938599427188,0.1850411299747705,22.261785176503736,22.40854943762875,1.224799164050861,7.57272060503422,0.2499335038701557,0.24919820918044616,128.90625,114.73557692307692,14.603365384615385,51.15687593941102,117.42126356925876,68.42440822964464,143.4199774532877,3915,3431
pure,bilstm,pure_08,30,190,0|1|2|3|4,0.7670241669242255,0.18813732135171105,0.7525105498213307,0.14999474822217018,0.18813732135171105,0.2474894501786693,18.507416614938393,18.86718886348728,1.2668585584767718,8.652833923095816,0.197534696407078,0.17404125876866064,53.844572368421055,92.03536184210526,38.264802631578945,230.42937137509134,155.17649784359176,286.24319129584006,210.58496670377315,2435,2877
pure,bilstm,pure_09,30,195,0|1|2|3|4,0.6868832588390973,0.20913588371932207,0.6653476480884054,0.23887771639508637,0.20913588371932207,0.3346523519115946,24.72435913452267,25.166818802080183,1.2456938370175636,9.38501010532665,0.22412343220823008,0.18665456098596,55.16826923076923,95.15625,40.13221153846154,213.48174086825256,131.09781937267445,292.97124654176645,175.1059220481254,2545,2959
pure,bilstm,pure_10,30,190,0|1|2|3|4,0.45756902626152446,0.6537951321000472,0.7698646463954771,0.4932063747893555,0.6537951321000472,0.23013535360452286,45.307721428659015,48.765940348465676,0.8344570007190727,11.319601353575097,0.6518407569754641,0.656726694786922,79.56414473684211,81.85855263157895,3.182565789473684,91.51787109174121,135.2476048954619,53.97918963594133,151.62733455973733,2335,2594
pure,bimamba,pure_01,30,200,0|1|2|3|4,0.5583313289262657,0.5716112033556019,0.7763013560187813,0.3814525557377104,0.5716112033556019,0.22369864398121875,38.84801303956242,41.33235706552968,0.9248672769490078,8.9832737422182,0.5723102600144636,0.5705626183673094,73.4765625,77.765625,5.9765625,78.62955571030622,169.37954715231646,73.69045544981297,177.65760608867234,2240,2599
pure,bimamba,pure_02,30,190,0|1|2|3|4,0.5535436434967039,0.6541780028885338,0.8218452922268329,0.3867624992088481,0.6541780028885338,0.1781547077731671,38.80403934364758,43.489136522981,0.8326664114807638,10.357985752026753,0.6533333235958734,0.6554450218275245,72.53289473684211,79.63815789473684,8.067434210526315,72.68850805108208,166.33733577847326,54.45926886960533,184.88823302996562,2140,2495
pure,bimamba,pure_03,30,190,0|1|2|3|4,0.6857553587530107,0.47312137916801095,0.7962451530350217,0.24012865190167398,0.47312137916801095,0.20375484696497825,29.720642627170612,31.84074733923764,1.0217304901050805,9.145239079623186,0.4780334027948155,0.46575334372780414,56.25,73.01398026315789,16.986019736842106,195.9038511208971,195.87400599814487,233.78284410479156,249.1148103282007,2730,2764
pure,bimamba,pure_04,30,190,0|1|2|3|4,0.6665291243878771,0.4404688679083179,0.8114413474954135,0.2614521534440568,0.4404688679083179,0.18855865250458648,29.298939906071443,31.036004613328714,1.0577024695923365,10.344562326364814,0.44063274290913634,0.4402230554070903,65.68667763157895,75.30838815789474,10.657894736842104,212.3086172798318,203.94044919863,220.25095789595406,222.5239037944062,2495,2552
pure,bimamba,pure_05,30,190,0|1|2|3|4,0.6267620750130358,0.18314475303839356,0.7088699684351638,0.3055571363843578,0.18314475303839356,0.2911300315648362,24.91605861900848,25.604571642474077,1.2751713335464319,8.82489922338911,0.18696903505070733,0.17740833001992284,53.65953947368421,87.890625,34.52713815789474,170.51258096993968,163.1978508469878,258.3411780742715,226.86770343620086,2760,2851
pure,bimamba,pure_06,25,160,0|1|2|3|4,0.7384473287145712,0.4013188529953887,0.8232282131275287,0.18168885129339085,0.4013188529953887,0.1767717868724713,24.289016423754635,26.282083582641015,1.0935913598893725,6.902285935840813,0.40202896878765665,0.40025367930698685,68.3349609375,72.685546875,5.0537109375,71.11007815657827,187.7945571240458,63.40454748277811,228.84800991993612,1705,2223
pure,bimamba,pure_07,30,195,0|1|2|3|4,0.6196671250691462,0.3313808803716547,0.7894668652719115,0.31342602912739115,0.3313808803716547,0.21053313472808854,28.97367302572346,29.443587474416432,1.156862945277283,8.068380016694325,0.33083406292218576,0.33220110654585816,128.90625,120.68509615384616,9.302884615384615,51.15687593941102,108.44215486676886,68.42440822964464,143.0985064201669,3915,3555
pure,bimamba,pure_08,30,190,0|1|2|3|4,0.7272973706860081,0.45177663727674416,0.7258830409923612,0.19405508706812669,0.45177663727674416,0.27411695900763877,29.04372235949596,31.07161363812363,1.043103850474134,10.340845546614384,0.4559671785630181,0.4454908253473333,53.844572368421055,81.22944078947368,27.976973684210527,230.42937137509134,172.3451763528222,286.24319129584006,236.10379473037008,2435,2841
pure,bimamba,pure_09,30,195,0|1|2|3|4,0.6893830700476297,0.34376102100942213,0.6466497549719936,0.2361052167392269,0.34376102100942213,0.3533502450280064,30.06506722528733,30.5787400412745,1.1362454563576208,10.183793230224653,0.35447313145333104,0.3276928553435588,55.16826923076923,89.38701923076923,35.01201923076923,213.48174086825256,156.29986469774354,292.97124654176645,211.99162024708545,2545,2919
pure,bimamba,pure_10,30,190,0|1|2|3|4,0.35072771691456256,0.7532280009407072,0.705758780948014,0.6117023205571692,0.7532280009407072,0.29424121905198597,55.07770643899287,58.54091753247002,0.7061826361690792,12.76933990861794,0.7506530421866447,0.7570904390718007,79.56414473684211,80.93338815789474,1.8873355263157894,91.51787109174121,132.38220092096455,53.97918963594133,141.04696962617282,2335,2533
pure,bimamba_blend,pure_01,30,200,0|1|2|3|4,0.6141959421783423,0.5316571256916607,0.7953543286694164,0.3194940284347483,0.5316571256916607,0.20464567133058365,34.59680827413483,37.034310063004924,0.9647239153284869,8.616801123332676,0.5346538835966369,0.5271619888341962,73.4765625,81.87890625,9.38671875,78.62955571030622,177.6813899425519,73.69045544981297,194.23106917804932,2240,2718
pure,bimamba_blend,pure_02,30,190,0|1|2|3|4,0.6072906343445597,0.6150446669351757,0.8347830087922001,0.32715259222045345,0.6150446669351757,0.16521699120779987,34.94500128724183,39.46282199853109,0.8765882908919244,9.911493371875613,0.6157964841355866,0.6139169411345593,72.53289473684211,84.5970394736842,12.87828947368421,72.68850805108208,170.71376294527917,54.45926886960533,191.69833105030975,2140,2587
pure,bimamba_blend,pure_03,30,190,0|1|2|3|4,0.7109582186732489,0.4192951871421403,0.8072281466734466,0.21217657287385105,0.4192951871421403,0.19277185332655344,26.7434477834324,28.49948733376351,1.0699999959671145,8.744290631264802,0.42755000431518647,0.40691296138257116,56.25,85.70723684210526,29.457236842105264,195.9038511208971,183.09756573433782,233.78284410479156,239.98158308710794,2730,2905
pure,bimamba_blend,pure_04,30,190,0|1|2|3|4,0.6911745914904713,0.3907939736850955,0.8222933735543245,0.23411826965826732,0.3907939736850955,0.17770662644567548,26.481622598589365,27.87687478651799,1.1021117367393376,9.987320146723924,0.39267485987070067,0.3879726444066877,65.68667763157895,79.78618421052632,14.691611842105264,212.3086172798318,196.8167554181827,220.25095789595406,230.0290158452612,2495,2743
pure,bimamba_blend,pure_05,30,190,0|1|2|3|4,0.6218382637177109,0.16045899468613425,0.7132505966945454,0.3110180548230025,0.16045899468613425,0.2867494033054546,23.77835223765026,24.849124439228994,1.2921351513549963,8.710111219182291,0.16519337531640071,0.15335742374073455,53.65953947368421,94.40378289473684,40.8922697368421,170.51258096993968,162.45820814430812,258.3411780742715,225.2356337788301,2760,2915
pure,bimamba_blend,pure_06,25,160,0|1|2|3|4,0.8255889485697919,0.32255418414315973,0.8381635932494813,0.0850415083920536,0.32255418414315973,0.1618364067505187,16.46670365695786,19.330748638833466,1.1612630172486813,6.380775437320652,0.3257341023852442,0.31778430678003294,68.3349609375,85.869140625,18.1494140625,71.11007815657827,180.61569625080736,63.40454748277811,227.87947047423492,1705,2434
pure,bimamba_blend,pure_07,30,195,0|1|2|3|4,0.6274977953758926,0.34498789507305994,0.7927876434461699,0.30474116098354875,0.34498789507305994,0.20721235655383008,28.99042137965876,29.545148515968577,1.1447967608765026,8.159450391609159,0.34472018814333316,0.3453894554676501,128.90625,121.73076923076923,7.608173076923077,51.15687593941102,116.91088928942841,68.42440822964464,150.57548907656277,3915,3540
pure,bimamba_blend,pure_08,30,190,0|1|2|3|4,0.7624279145913083,0.4303002274218767,0.7407945154328021,0.15509237638215334,0.4303002274218767,0.25920548456719794,25.85513480256071,28.432359756831072,1.0601063993960278,10.20040739424683,0.4380872109797951,0.4186197520849991,53.844572368421055,92.109375,38.41282894736842,230.42937137509134,159.1439769156917,286.24319129584006,222.98930307772739,2435,2958
pure,bimamba_blend,pure_09,30,195,0|1|2|3|4,0.7190596593072495,0.3348026035815196,0.6487226990436771,0.2031913977962022,0.3348026035815196,0.3512773009563229,28.09783293988716,28.956707575572636,1.141896916875528,10.14069841435552,0.3480357156150818,0.3149529355311762,55.16826923076923,94.75961538461539,40.60096153846154,213.48174086825256,155.56324026424494,292.97124654176645,217.50655737882877,2545,2983
pure,bimamba_blend,pure_10,30,190,0|1|2|3|4,0.4276099384952504,0.7069052107337593,0.7323343382823059,0.5264335081978111,0.7069052107337593,0.2676656617176941,49.64922004818323,52.94184350287624,0.7670612964742095,12.051079201502779,0.705808483725652,0.7085503012459204,79.56414473684211,84.63404605263158,5.217927631578948,91.51787109174121,141.54386478195852,53.97918963594133,158.9023399022632,2335,2586
pure,lstm,pure_01,30,200,0|1|2|3|4,0.6578637194311363,0.46048917219722774,0.8209035984597801,0.2710628121123775,0.46048917219722774,0.17909640154021989,29.81125269611723,31.910609450115697,1.0367689162560882,7.991222658459196,0.46255510714258824,0.4573902697791871,73.4765625,78.99609375,8.61328125,78.62955571030622,180.7641719186749,73.69045544981297,189.3182741097614,2240,2711
pure,lstm,pure_02,30,190,0|1|2|3|4,0.6099531695727819,0.5282088863349529,0.8645069641306294,0.32419961802033626,0.5282088863349529,0.13549303586937056,31.3030077846015,35.35264481005761,0.9703792062217343,9.028577042934213,0.5291820980662382,0.526749068738025,72.53289473684211,81.3404605263158,10.361842105263158,72.68850805108208,172.3459166599701,54.45926886960533,177.908178081041,2140,2543
pure,lstm,pure_03,30,190,0|1|2|3|4,0.6817744332621021,0.35641475141587076,0.8303160406555239,0.24454383114236,0.35641475141587076,0.1696839593444761,25.705576051282346,26.778045829545555,1.1252567119278993,8.306933910297815,0.3668986661306059,0.3406888793437681,56.25,81.63651315789474,25.460526315789473,195.9038511208971,192.64141655369505,233.78284410479156,227.54368899782705,2730,2753
pure,lstm,pure_04,30,190,0|1|2|3|4,0.6953372678570813,0.41930017678969156,0.8247045061383319,0.2295015134990468,0.41930017678969156,0.1752954938616681,26.89578118673111,28.712450732369387,1.07183412401953,10.229281102314358,0.425585805293643,0.4098717340337645,65.68667763157895,75.34539473684211,11.064967105263158,212.3086172798318,198.4337084526838,220.25095789595406,210.4515989465935,2495,2555
pure,lstm,pure_05,30,190,0|1|2|3|4,0.6277627747606412,0.16563491914801293,0.7238074231055003,0.3044472766891996,0.16563491914801293,0.2761925768944997,23.6484128234805,24.532896766257963,1.2857636649026236,8.753047071044803,0.17340589900808662,0.15397844935790245,53.65953947368421,91.48026315789474,37.96875,170.51258096993968,153.57747396221194,258.3411780742715,202.5451735227447,2760,2847
pure,lstm,pure_06,25,160,0|1|2|3|4,0.7617334426949611,0.3257957498597778,0.8468040041773979,0.15586260378454864,0.3257957498597778,0.15319599582260213,20.461836334250428,21.892088157227292,1.1591273949183787,6.3967639408156485,0.3282118411748667,0.32217161288714447,68.3349609375,75.41015625,8.4814453125,71.11007815657827,187.3187188060436,63.40454748277811,218.24492005736386,1705,2232
pure,lstm,pure_07,30,195,0|1|2|3|4,0.7702326670762776,0.22693865354586698,0.8181565043702261,0.14643625326982057,0.22693865354586698,0.18184349562977387,18.21832094881084,18.547646396332627,1.2417588673371078,7.453272831488352,0.2290174576948314,0.22382044732242032,128.90625,116.17788461538461,14.098557692307692,51.15687593941102,123.93116919591534,68.42440822964464,156.7551667542128,3915,3396
pure,lstm,pure_08,30,190,0|1|2|3|4,0.7346410111035646,0.3398388694051453,0.7402767293281987,0.18591037579515646,0.3398388694051453,0.25972327067180134,25.342179949905308,26.20867846180635,1.1410011740748494,9.561674691464331,0.3490581603799075,0.3260099329430019,53.844572368421055,86.07730263157895,32.4547697368421,230.42937137509134,176.2311629039183,286.24319129584006,235.01792847358462,2435,2808
pure,lstm,pure_09,30,195,0|1|2|3|4,0.7048340980797944,0.298013460428198,0.6637904941614006,0.2189687346898479,0.298013460428198,0.33620950583859943,27.361143449428514,27.79206996289171,1.1703593462773227,9.926851867946315,0.31512950029065934,0.2723394006345059,55.16826923076923,93.75,38.65384615384615,213.48174086825256,147.25092246324692,292.97124654176645,198.631906764586,2545,2921
pure,lstm,pure_10,30,190,0|1|2|3|4,0.5127846215546736,0.6582205948891768,0.7591278446960974,0.43196766267148856,0.6582205948891768,0.2408721553039026,43.714967855122374,46.90386354112251,0.8300004744448,11.36611379196955,0.655549606210703,0.6622270779068877,79.56414473684211,81.71052631578948,3.1085526315789473,91.51787109174121,143.8858135101216,53.97918963594133,158.62493389620468,2335,2541
pure,mamba,pure_01,30,200,0|1|2|3|4,0.7362753117692236,0.5130990413314049,0.7765896494890709,0.18409779970235196,0.5130990413314049,0.22341035051092906,28.378830750530803,31.730140301539112,0.9867065561845736,8.421101740349068,0.5132050859911897,0.5129399743417278,73.4765625,79.1015625,7.734375,78.62955571030622,182.59401203535793,73.69045544981297,207.68843146178358,2240,2748
pure,mamba,pure_02,30,190,0|1|2|3|4,0.6464406631786306,0.5995507665637628,0.8209104739512133,0.2837319366529978,0.5995507665637628,0.1790895260487867,33.480571772571956,37.60033952184819,0.8968553887406532,9.712958237749445,0.5978252058434256,0.6021391076442687,72.53289473684211,81.59950657894737,10.472861842105264,72.68850805108208,177.34237520740282,54.45926886960533,198.44521226376446,2140,2588
pure,mamba,pure_03,30,190,0|1|2|3|4,0.6778227579718236,0.426626368566123,0.774447016379525,0.24892656946474623,0.426626368566123,0.22555298362047504,29.72396558196423,30.972059766669474,1.0620359826357972,8.809181527389477,0.436039785793408,0.4125062427251955,56.25,76.34457236842105,20.242598684210527,195.9038511208971,186.17400236522,233.78284410479156,250.32169210866277,2730,2872
pure,mamba,pure_04,30,190,0|1|2|3|4,0.6961749989103234,0.433035602029546,0.7893081575426755,0.22857239971281806,0.433035602029546,0.21069184245732453,28.460478790244387,30.077596126771766,1.0618422644345265,10.310632542982233,0.4362455027302785,0.42822075097844714,65.68667763157895,76.93667763157895,12.138157894736842,212.3086172798318,200.13680237968256,220.25095789595406,239.65140826753134,2495,2699
pure,mamba,pure_05,30,190,0|1|2|3|4,0.6159811684104586,0.1893549912228957,0.6807575702707139,0.317514063268867,0.1893549912228957,0.31924242972928607,26.192083584009655,26.988650286673256,1.2698836582664066,8.860991355115651,0.193697747233964,0.18284085720629328,53.65953947368421,89.85197368421052,36.34046052631579,170.51258096993968,169.87716030557277,258.3411780742715,237.36591052109983,2760,2895
pure,mamba,pure_06,25,160,0|1|2|3|4,0.8285009886615121,0.3647070986080049,0.7969625815531522,0.08181181243558056,0.3647070986080049,0.20303741844684775,17.98577297072,21.820394625305646,1.1251880726056396,6.654884946083258,0.36697590063300284,0.361303895570508,68.3349609375,79.013671875,11.4697265625,71.11007815657827,187.5561601392413,63.40454748277811,240.52594385381371,1705,2354
pure,mamba,pure_07,30,195,0|1|2|3|4,0.6765003851624222,0.3212974623637916,0.7840244174108664,0.25039319148262884,0.3212974623637916,0.21597558258913363,26.495666135746088,26.837789083969106,1.1649555150430257,8.007831396104985,0.3214393239854194,0.3210846699313499,128.90625,120.68509615384616,8.798076923076923,51.15687593941102,129.84574857334522,68.42440822964464,169.6283713155901,3915,3506
pure,mamba,pure_08,30,190,0|1|2|3|4,0.7796263493918564,0.4302833574053027,0.7103379255614616,0.13601787411450617,0.4302833574053027,0.2896620744385384,25.30634115319499,28.477848042956293,1.0615968131478497,10.188204394867668,0.4365061031571646,0.42094923877750984,53.844572368421055,83.70888157894737,29.93832236842105,230.42937137509134,166.87875614221093,286.24319129584006,236.3851740049478,2435,2892
pure,mamba,pure_09,30,195,0|1|2|3|4,0.691477917188708,0.35813042959376307,0.6336269336577399,0.23378185609587354,0.35813042959376307,0.3663730663422601,30.693781317336,31.35603737191788,1.1231690081659202,10.284334194098186,0.36924568954779186,0.34145753966271986,55.16826923076923,92.8485576923077,40.06009615384615,213.48174086825256,156.580622144942,292.97124654176645,222.28368500902627,2545,2956
pure,mamba,pure_10,30,190,0|1|2|3|4,0.577882984628485,0.6808547785563728,0.7276966853226333,0.35976813472188895,0.6808547785563728,0.2723033146773667,42.62527325687027,45.830942114868975,0.8020101058084322,11.664083790727293,0.6783898950905732,0.6845521037550722,79.56414473684211,83.26480263157895,4.292763157894737,91.51787109174121,149.14888151338374,53.97918963594133,166.2236362164413,2335,2631
pure,physdiff,pure_01,30,200,0|1|2|3|4,0.42297477027895924,0.5144801918993416,0.764705277026507,0.5315742973264681,0.5144801918993416,0.23529472297349296,42.83046445597302,45.109411420305186,0.990359216031766,8.3890070707011,0.5095943116104735,0.5218090123326437,73.4765625,73.72265625,5.16796875,78.62955571030622,175.9604422688379,73.69045544981297,196.34300613814435,2240,2476
pure,physdiff,pure_02,30,190,0|1|2|3|4,0.5226442413388406,0.555733991166492,0.8089044711583866,0.4210325199034247,0.555733991166492,0.1910955288416134,38.34918222748547,41.40613238616221,0.9482560531663303,9.228894202635777,0.550405228816707,0.5637271346911698,72.53289473684211,71.75575657894737,1.8133223684210527,72.68850805108208,168.71165478500495,54.45926886960533,209.89923173828925,2140,2405
pure,physdiff,pure_03,30,190,0|1|2|3|4,0.7384230017010208,0.468782887117415,0.7561304737562765,0.1817158319855593,0.468782887117415,0.2438695262437235,27.90461771865347,30.490440122454622,1.0356509949511543,9.027697617464641,0.4637135083283416,0.47638695530102504,56.25,65.390625,9.140625,195.9038511208971,238.23374055419987,233.78284410479156,284.7243428656126,2730,2404
pure,physdiff,pure_04,30,190,0|1|2|3|4,0.6995918570116793,0.3412875019423849,0.806124779577968,0.224782818372517,0.3412875019423849,0.19387522042203198,25.334473744871843,26.07451752235962,1.1549075078222972,9.580888601491734,0.3330943241878453,0.3535772685741942,65.68667763157895,67.2779605263158,2.997532894736842,212.3086172798318,209.2509383553292,220.25095789595406,237.75901687385442,2495,2310
pure,physdiff,pure_05,30,190,0|1|2|3|4,0.6645051095441717,0.21952083823438698,0.6655353019876216,0.2636969551468711,0.21952083823438698,0.33446469801237844,26.12494571739994,26.48228470210664,1.2514592349543794,8.98793589448802,0.21692489162369977,0.22341475815041784,53.65953947368421,69.16529605263158,16.46792763157895,170.51258096993968,206.37200625137,258.3411780742715,283.8498408595592,2760,2606
pure,physdiff,pure_06,25,160,0|1|2|3|4,0.5946009651893177,0.3292818695523754,0.8242899096586902,0.34122649638001357,0.3292818695523754,0.1757100903413098,28.521879300513124,29.53681598099733,1.16162869011551,6.378040747467418,0.32530939315026175,0.3352405841555458,68.3349609375,68.90625,1.4501953125,71.11007815657827,186.89816356467568,63.40454748277811,224.90820447580086,1705,1976
pure,physdiff,pure_07,30,195,0|1|2|3|4,0.71908320147583,0.20446890162793563,0.7537602908263183,0.20316528756273133,0.20446890162793563,0.24623970917368165,21.36821828889018,21.44227482399205,1.262023062073487,7.312672405928355,0.20364889539732967,0.2056989109738446,128.90625,116.79086538461539,12.620192307692308,51.15687593941102,152.69465608283403,68.42440822964464,194.27961544497066,3915,3407
pure,physdiff,pure_08,30,190,0|1|2|3|4,0.6776735464609818,0.6042488964910095,0.7031465286451625,0.24909205750682195,0.6042488964910095,0.29685347135483753,36.284942372466546,39.421622558789615,0.8931786548289306,11.688629802298214,0.6011159452789906,0.6089483233090381,53.844572368421055,57.61924342105263,4.514802631578948,230.42937137509134,227.68006394735588,286.24319129584006,313.1149737572236,2435,2478
pure,physdiff,pure_09,30,195,0|1|2|3|4,0.6534337677396977,0.3821357980934106,0.614990399927188,0.2759759989554743,0.3821357980934106,0.38500960007281204,33.88646599918492,34.30443239115348,1.1117706672723713,10.372932191219322,0.3819829916963733,0.3823650076889665,55.16826923076923,76.15384615384616,22.860576923076923,213.48174086825256,191.5074387251679,292.97124654176645,272.98112628217507,2545,2709
pure,physdiff,pure_10,30,190,0|1|2|3|4,0.302221765445705,0.7033158248123745,0.6874793556215559,0.6654994766366066,0.7033158248123745,0.31252064437844407,56.24468231452919,59.14358991379789,0.7763583979384655,11.946435501152648,0.69863381897521,0.7103388335681212,79.56414473684211,79.49013157894737,2.3684210526315788,91.51787109174121,137.76423843133583,53.97918963594133,169.0867529934655,2335,2449
pure,rnn,pure_01,30,200,0|1|2|3|4,0.7241792828214034,0.4130894926071687,0.8195657840141928,0.19751330723373328,0.4130894926071687,0.18043421598580722,25.465072398796472,27.408460393679007,1.0799084924666607,7.6371228879939155,0.41689882394919203,0.4073754955941337,73.4765625,81.3515625,8.859375,78.62955571030622,175.09811655850285,73.69045544981297,207.91755236588673,2240,2827
pure,rnn,pure_02,30,190,0|1|2|3|4,0.6565340197444339,0.4949288198132821,0.8534002795802859,0.2725375602498351,0.4949288198132821,0.14659972041971414,29.19252768830496,32.444982262859746,1.0027887073654882,8.743217983974658,0.49720740419012704,0.49151094324801475,72.53289473684211,82.08059210526316,10.731907894736842,72.68850805108208,166.81103406360535,54.45926886960533,190.03221460800003,2140,2645
pure,rnn,pure_03,30,190,0|1|2|3|4,0.6882688598229326,0.2595166003590921,0.8153818858195517,0.23734096904483448,0.2595166003590921,0.18461811418044827,23.048638324518947,23.247611707158452,1.2063124049207357,7.702770275363414,0.27240519086717535,0.24018371459696708,56.25,86.33634868421052,30.160361842105264,195.9038511208971,164.31397208427785,233.78284410479156,225.65361597938346,2730,2893
pure,rnn,pure_04,30,190,0|1|2|3|4,0.6971948218608508,0.32401689602849376,0.8203090345438985,0.2274413307866031,0.32401689602849376,0.17969096545610153,24.486147001913647,25.171957641968667,1.1559147415017936,9.573316646412577,0.33193055518942083,0.31214640728710313,65.68667763157895,79.49013157894737,14.691611842105264,212.3086172798318,180.01886890609487,220.25095789595406,221.3402807796843,2495,2745
pure,rnn,pure_05,30,190,0|1|2|3|4,0.5880416458151292,0.16123598540585557,0.707810220377344,0.34850133003366635,0.16123598540585557,0.292189779622656,24.977051035923424,26.419893819548474,1.2875464625318727,8.741011843912963,0.17111205341083055,0.1464218833983931,53.65953947368421,90.40707236842105,37.11759868421053,170.51258096993968,149.6451835188512,258.3411780742715,206.12637749133148,2760,2894
pure,rnn,pure_06,25,160,0|1|2|3|4,0.8049133064599534,0.2520212058186115,0.8367385429921703,0.10797252431779414,0.2520212058186115,0.16326145700782968,16.45327265051204,17.581301305310955,1.2197115814264865,5.954244391766283,0.2561518290670497,0.24582527094595416,68.3349609375,81.9580078125,14.0625,71.11007815657827,169.78949281121564,63.40454748277811,219.7142253537929,1705,2326
pure,rnn,pure_07,30,195,0|1|2|3|4,0.7772612057622835,0.22158159782546583,0.8115636319846747,0.1386410161648607,0.22158159782546583,0.18843636801532526,17.847431127381917,18.219257225020378,1.2469655625426175,7.416929035949269,0.2225384429163867,0.22014633018908455,128.90625,116.82692307692308,13.665865384615385,51.15687593941102,123.85649873317388,68.42440822964464,163.1585765440719,3915,3363
pure,rnn,pure_08,30,190,0|1|2|3|4,0.750130809193599,0.24602561867235556,0.7244278761701854,0.1687308945097814,0.24602561867235556,0.27557212382981455,21.97224454167943,22.4426723400755,1.216361104387706,9.006146032544606,0.26023283186636,0.22471479888134896,53.844572368421055,88.77878289473684,35.00822368421053,230.42937137509134,158.15616626358988,286.24319129584006,222.15299770814275,2435,2899
pure,rnn,pure_09,30,195,0|1|2|3|4,0.6891116097930317,0.26393701865442065,0.6443020454895058,0.23640628886014692,0.26393701865442065,0.35569795451049424,27.286956056598033,27.655322894558644,1.197268699062022,9.72940384913182,0.2832738311231663,0.23493179995130226,55.16826923076923,92.48798076923077,37.68028846153846,213.48174086825256,149.41364262202234,292.97124654176645,211.37337271749692,2545,2946
pure,rnn,pure_10,30,190,0|1|2|3|4,0.5387088173196823,0.5887274362031418,0.768767143864363,0.4032155618761981,0.5887274362031418,0.23123285613563704,40.4395878866169,42.97868383136617,0.9073286169517034,10.5923884315413,0.5883773904302539,0.5892525048624737,79.56414473684211,82.45065789473684,3.9226973684210527,91.51787109174121,144.30040312693617,53.97918963594133,170.80264153178499,2335,2614
pure,transformer,pure_01,30,200,0|1|2|3|4,0.4586841127505339,0.5466624071928757,0.7426170381004882,0.4919696506333553,0.5466624071928757,0.2573829618995118,43.52778013084111,45.383276215971456,0.9547273899538442,8.707274375737422,0.5442478054359603,0.5502843098282489,73.4765625,77.8359375,6.609375,78.62955571030622,179.35212456231048,73.69045544981297,203.73471884500864,2240,2561
pure,transformer,pure_02,30,190,0|1|2|3|4,0.5055761486785384,0.6033753768601062,0.7770993496198729,0.43996246183877874,0.6033753768601062,0.22290065038012707,41.78583031971,44.69768521071137,0.8925250503148028,9.7549983922837,0.6016995172802798,0.605889166229846,72.53289473684211,77.30674342105263,6.254111842105263,72.68850805108208,172.60048586966994,54.45926886960533,198.0098271228483,2140,2454
pure,transformer,pure_03,30,190,0|1|2|3|4,0.7196567028438814,0.5108811752787685,0.7448843379012138,0.20252922659135475,0.5108811752787685,0.2551156620987862,30.355481923881406,33.13078162259927,0.9896062259088861,9.422717774107461,0.5103397588211857,0.5116932999651429,56.25,69.609375,13.433388157894736,195.9038511208971,234.03170394874468,233.78284410479156,277.5067824507207,2730,2520
pure,transformer,pure_04,30,190,0|1|2|3|4,0.6704500009120032,0.4340425610432642,0.7719124946753881,0.25710357352862023,0.4340425610432642,0.22808750532461186,30.366206090418796,31.62016767956096,1.0682216821298538,10.25860491834714,0.42945121891383325,0.4409295742374107,65.68667763157895,72.421875,7.475328947368421,212.3086172798318,211.7999066642687,220.25095789595406,233.6243323651111,2495,2455
pure,transformer,pure_05,30,190,0|1|2|3|4,0.6138867314519197,0.2957343297107155,0.6675388457381735,0.3198369689854861,0.2957343297107155,0.33246115426182654,31.35968041153166,31.395452557653226,1.1851517119943797,9.46079107959323,0.29770770977839556,0.2927742596091954,53.65953947368421,81.48848684210526,28.199013157894736,170.51258096993968,194.52790516746748,258.3411780742715,269.50482415264094,2760,2720
pure,transformer,pure_06,25,160,0|1|2|3|4,0.6175198408588283,0.3981489889607398,0.7992982330589056,0.31580754686513834,0.3981489889607398,0.20070176694109443,30.756601414504825,31.790914266997788,1.0994652977063624,6.855756816359015,0.3955880295697297,0.401990428047255,68.3349609375,72.0703125,4.9658203125,71.11007815657827,198.725775061723,63.40454748277811,227.65570968725805,1705,2092
pure,transformer,pure_07,30,195,0|1|2|3|4,0.6941101889017401,0.24575841377591318,0.7669365825049448,0.23086244666463296,0.24575841377591318,0.23306341749505521,23.690087295387155,23.69986770389686,1.2293159425032258,7.540747953587921,0.2443911567537028,0.24780929930922874,128.90625,121.55048076923077,8.365384615384615,51.15687593941102,136.4557613487056,68.42440822964464,176.17784391371163,3915,3491
pure,transformer,pure_08,30,190,0|1|2|3|4,0.6705215673113072,0.5677381217149048,0.693765925611412,0.2570242004076566,0.5677381217149048,0.30623407438858796,36.14590939759525,38.58443893931075,0.9305534692484405,11.332569865906539,0.5670351204348457,0.5687926236349934,53.844572368421055,68.31414473684211,15.209703947368421,230.42937137509134,216.3631897929203,286.24319129584006,295.0868292905706,2435,2656
pure,transformer,pure_09,30,195,0|1|2|3|4,0.6668981457355865,0.4860817534396115,0.6183864901979059,0.26104287791315395,0.4860817534396115,0.3816135098020941,36.24005708630375,37.557511420781054,1.0092833477707912,11.212974264365707,0.4906735619562923,0.47919404066459026,55.16826923076923,83.83413461538461,30.685096153846153,213.48174086825256,195.37798178775776,292.97124654176645,279.2698795137168,2545,2808
pure,transformer,pure_10,30,190,0|1|2|3|4,0.37031191263552615,0.6771508693588387,0.6952852556002777,0.5899818099396762,0.6771508693588387,0.30471474439972235,52.66776518558073,55.135344083687365,0.8067872895141989,11.612499653996123,0.6745471347391666,0.6810564712883469,79.56414473684211,81.19243421052632,3.182565789473684,91.51787109174121,142.96801548138552,53.97918963594133,162.81994424662238,2335,2507
